player,team,gp,min,fgm,fga,fg_pct,fg3m,fg3a,fg3_pct,ftm,fta,ft_pct,oreb,dreb,reb,ast,stl,blk,tov,pf,pts,eff,ast_tov,stl_tov,age,height_in,weight_lb,wingspan_in,years_experience,min_salary,max_salary,salary
Luka Dončić,LAL,64,2289,693,1457,0.476,254,694,0.366,503,645,0.78,41,454,495,530,105,34,255,153,2143,2146,2.08,0.41,27.0,80,230.0,83.98794629596165,7,3080921,46394100,45999660.0
Shai Gilgeous-Alexander,OKC,68,2259,731,1321,0.553,115,298,0.386,540,614,0.879,38,254,292,448,95,52,151,139,2117,2189,2.97,0.63,27.0,78,195.0,83.5,7,3080921,46394100,38333050.0
Jaylen Brown,BOS,71,2443,736,1543,0.477,140,404,0.347,426,536,0.795,81,411,492,364,72,27,259,191,2038,1817,1.41,0.28,29.0,78,223.0,83.75,9,3303774,46394100,53142264.0
Kevin Durant,HOU,78,2840,716,1376,0.52,186,450,0.413,408,467,0.874,41,385,426,372,62,71,246,142,2026,1992,1.51,0.25,37.0,83,240.0,88.75,18,3634153,54126450,54708609.0
Tyrese Maxey,PHI,70,2661,694,1501,0.462,220,599,0.367,372,417,0.892,24,266,290,461,130,55,171,151,1980,1893,2.7,0.76,25.0,74,200.0,78.08327638641137,5,2667944,38661750,37958760.0
Donovan Mitchell,CLE,70,2342,678,1403,0.483,224,616,0.364,372,430,0.865,50,266,316,398,104,20,198,163,1952,1809,2.01,0.53,29.0,74,215.0,82.0,8,3287409,46394100,46394100.0
Jalen Brunson,NYK,74,2590,689,1475,0.467,195,528,0.369,354,421,0.841,31,216,247,503,57,8,175,170,1927,1714,2.87,0.33,29.0,74,190.0,76.0,7,3080921,46394100,34944001.0
Jamal Murray,DEN,75,2652,657,1360,0.483,245,563,0.435,346,390,0.887,32,298,330,535,66,29,171,131,1905,1947,3.13,0.39,29.0,76,215.0,80.05149968959479,9,3303774,46394100,46394100.0
Kawhi Leonard,LAC,65,2085,635,1258,0.505,172,445,0.387,371,416,0.892,71,342,413,234,122,27,133,78,1813,1808,1.76,0.92,34.0,78,225.0,87.0,14,3634153,54126450,50000000.0
Nikola Jokić,DEN,65,2265,644,1132,0.569,112,295,0.38,399,480,0.831,192,644,836,697,92,53,243,173,1799,2665,2.87,0.38,31.0,83,284.0,86.94028125073677,10,3634153,54126450,55224526.0
Anthony Edwards,MIN,61,2137,602,1231,0.489,205,514,0.399,348,437,0.796,36,266,302,226,83,49,174,118,1757,1525,1.3,0.48,24.0,76,225.0,80.05149968959479,5,2667944,38661750,45550512.0
Devin Booker,PHX,64,2146,546,1198,0.456,122,370,0.33,454,520,0.873,48,200,248,386,51,18,201,168,1668,1452,1.92,0.25,29.0,77,206.0,80.25,10,3634153,54126450,53142264.0
Julius Randle,MIN,79,2610,580,1207,0.481,109,346,0.315,398,496,0.802,132,400,532,398,86,18,217,223,1667,1759,1.83,0.4,31.0,81,250.0,84.0,11,3634153,54126450,30864198.0
Brandon Ingram,TOR,77,2604,614,1288,0.477,135,353,0.382,292,356,0.82,63,367,430,284,58,55,187,148,1655,1557,1.52,0.31,28.0,80,190.0,83.98794629596165,9,3303774,46394100,38095238.0
James Harden,CLE,70,2438,487,1123,0.434,215,573,0.375,463,524,0.884,40,296,336,557,79,28,245,137,1652,1710,2.27,0.32,36.0,77,220.0,82.75,16,3634153,54126450,39182693.0
Desmond Bane,ORL,82,2756,583,1205,0.484,167,427,0.391,314,346,0.908,98,240,338,338,86,37,164,252,1647,1628,2.06,0.52,27.0,78,215.0,82.01972299277821,5,2667944,38661750,36725670.0
Nickeil Alexander-Walker,ATL,78,2603,548,1195,0.459,251,629,0.399,277,307,0.902,52,216,268,286,102,42,162,173,1624,1483,1.77,0.63,27.0,77,205.0,81.5,6,2874436,38661750,15161800.0
Jalen Johnson,ATL,72,2532,600,1228,0.489,120,341,0.352,301,382,0.788,101,639,740,566,89,31,244,151,1621,2094,2.32,0.37,24.0,80,219.0,84.25,4,2461463,38661750,30000000.0
Victor Wembanyama,SAS,64,1866,553,1080,0.512,122,350,0.349,372,450,0.827,130,606,736,199,66,197,155,156,1600,2038,1.28,0.43,22.0,88,235.0,91.86083950869534,2,2296274,38661750,13376880.0
Paolo Banchero,ORL,72,2502,529,1152,0.459,84,275,0.305,457,590,0.775,85,519,604,373,51,40,222,144,1599,1689,1.68,0.23,23.0,82,250.0,85.95616959914507,3,2378870,38661750,15334769.0
Deni Avdija,POR,66,2199,492,1064,0.462,125,393,0.318,489,610,0.802,74,380,454,442,51,41,253,168,1598,1640,1.75,0.2,25.0,80,228.0,83.98794629596165,5,2667944,38661750,14375000.0
Cade Cunningham,DET,64,2172,548,1189,0.461,125,366,0.342,310,382,0.812,56,299,355,634,92,54,236,196,1531,1717,2.69,0.39,24.0,78,220.0,82.01972299277821,4,2461463,38661750,46394100.0
Karl-Anthony Towns,NYK,75,2322,517,1032,0.501,113,307,0.368,357,416,0.858,233,656,889,226,65,40,187,255,1504,1963,1.21,0.35,30.0,84,248.0,87.92439290232849,10,3634153,54126450,53142264.0
Kon Knueppel,CHA,81,2551,515,1084,0.475,273,642,0.425,195,226,0.863,97,335,432,274,57,19,161,169,1498,1519,1.7,0.35,20.0,78,215.0,78.25,0,1272870,38661750,10015680.0
Pascal Siakam,IND,62,2057,559,1155,0.484,105,293,0.358,262,378,0.693,89,322,411,236,69,25,138,147,1485,1376,1.71,0.5,32.0,80,245.0,87.25,9,3303774,46394100,45550512.0
Cooper Flagg,DAL,70,2344,559,1194,0.468,72,244,0.295,283,342,0.827,86,380,466,316,84,64,161,142,1473,1548,1.96,0.52,19.0,81,205.0,84.0,0,1272870,38661750,13825920.0
Bam Adebayo,MIA,73,2365,506,1145,0.442,127,400,0.318,329,423,0.778,149,583,732,232,86,49,120,122,1468,1714,1.93,0.72,28.0,81,255.0,86.75,8,3287409,46394100,37096620.0
Alperen Sengun,HOU,72,2398,583,1123,0.519,40,131,0.305,260,376,0.691,215,425,640,445,85,77,227,238,1466,1830,1.96,0.37,23.0,83,243.0,86.94028125073677,4,2461463,38661750,33944954.0
Scottie Barnes,TOR,80,2681,569,1123,0.507,68,224,0.304,242,297,0.815,149,451,600,474,114,116,210,211,1448,1933,2.26,0.54,24.0,80,237.0,86.75,4,2461463,38661750,38661750.0
LaMelo Ball,CHA,72,2017,506,1244,0.407,272,740,0.368,161,179,0.899,65,282,347,514,87,17,202,195,1445,1452,2.55,0.43,24.0,79,180.0,83.00383464436993,5,2667944,38661750,37958760.0
Amen Thompson,HOU,79,2953,557,1044,0.534,25,116,0.216,304,390,0.779,235,379,614,420,119,48,190,175,1443,1881,2.21,0.63,23.0,79,200.0,84.0,2,2296274,38661750,9690600.0
CJ McCollum,ATL,76,2263,525,1154,0.455,191,510,0.375,183,237,0.772,62,190,252,293,64,35,135,144,1424,1250,2.17,0.47,34.0,75,190.0,78.25,12,3634153,54126450,30666666.0
Trey Murphy III,NOP,66,2341,494,1050,0.47,214,565,0.379,218,246,0.886,63,314,377,250,99,24,120,138,1420,1466,2.08,0.83,25.0,80,206.0,84.0,4,2461463,38661750,25000000.0
DeMar DeRozan,SAC,77,2406,499,1005,0.497,47,147,0.32,374,431,0.868,35,191,226,316,80,23,96,149,1419,1405,3.29,0.83,36.0,78,220.0,81.0,16,3634153,54126450,24570000.0
Jalen Duren,DET,70,1976,522,803,0.65,0,0,0.0,321,430,0.747,265,472,737,138,57,59,130,195,1365,1836,1.06,0.44,22.0,82,250.0,85.95616959914507,3,2378870,38661750,6483144.0
Payton Pritchard,BOS,79,2556,506,1091,0.464,212,562,0.377,121,136,0.89,69,243,312,408,58,10,109,118,1345,1424,3.74,0.53,28.0,73,195.0,77.09916473481965,5,2667944,38661750,7232143.0
De'Aaron Fox,SAS,72,2231,509,1047,0.486,131,395,0.332,187,246,0.76,42,228,270,445,89,19,164,162,1336,1398,2.71,0.54,28.0,75,185.0,78.5,8,3287409,46394100,37096620.0
Miles Bridges,CHA,77,2387,479,1042,0.46,148,445,0.333,208,253,0.822,75,375,450,246,46,34,107,131,1314,1375,2.3,0.43,28.0,79,225.0,81.5,7,3080921,46394100,25000000.0
Brandon Miller,CHA,65,1968,454,1044,0.435,204,533,0.383,199,223,0.892,70,249,319,217,66,44,163,180,1311,1180,1.33,0.41,23.0,79,200.0,83.00383464436993,2,2296274,38661750,11968800.0
Zion Williamson,NOP,62,1841,484,807,0.6,1,4,0.25,333,465,0.716,125,228,353,199,60,34,126,141,1302,1367,1.58,0.48,25.0,78,284.0,82.01972299277821,6,2874436,38661750,39446090.0
Ryan Rollins,MIL,74,2375,486,1030,0.472,184,453,0.406,125,157,0.796,54,284,338,414,110,31,201,193,1281,1397,2.06,0.55,23.0,75,180.0,81.75,3,2378870,38661750,4000000.0
Keyonte George,UTA,54,1786,402,881,0.456,134,361,0.371,337,378,0.892,23,176,199,332,58,14,166,120,1275,1192,2.0,0.35,22.0,76,185.0,80.05149968959479,2,2296274,38661750,4278960.0
Saddiq Bey,NOP,72,2246,436,967,0.451,151,412,0.367,248,295,0.841,121,279,400,182,68,7,68,95,1271,1282,2.68,1.0,27.0,80,215.0,83.98794629596165,5,2667944,38661750,6118644.0
Derrick White,BOS,77,2625,437,1108,0.394,209,640,0.327,184,204,0.902,86,253,339,414,88,98,134,119,1267,1381,3.09,0.66,31.0,76,190.0,79.5,8,3287409,46394100,28100000.0
Norman Powell,MIA,58,1717,421,895,0.47,156,410,0.38,263,318,0.827,22,181,203,143,64,14,111,127,1261,1045,1.29,0.58,33.0,75,215.0,82.75,10,3634153,54126450,20482758.0
Michael Porter Jr.,BKN,52,1689,444,958,0.463,176,485,0.363,195,227,0.859,69,298,367,158,55,13,122,116,1259,1184,1.3,0.45,27.0,82,218.0,84.25,7,3080921,46394100,38333050.0
LeBron James,LAL,60,1989,473,919,0.515,77,243,0.317,233,316,0.737,43,321,364,432,72,35,179,81,1256,1451,2.41,0.4,41.0,81,250.0,84.25,22,3634153,54126450,52627153.0
Matas Buzelis,CHI,77,2248,446,963,0.463,173,495,0.349,187,238,0.786,77,371,448,158,55,116,159,177,1252,1302,0.99,0.35,21.0,80,196.0,82.0,1,2048494,38661750,5455560.0
Jabari Smith Jr.,HOU,77,2705,438,974,0.45,177,488,0.363,162,209,0.775,108,421,529,143,56,71,105,192,1215,1326,1.36,0.53,23.0,83,220.0,86.94028125073677,3,2378870,38661750,12350392.0
VJ Edgecombe,PHI,75,2623,451,1030,0.438,149,421,0.354,148,181,0.818,122,301,423,315,107,39,137,214,1199,1334,2.3,0.78,20.0,76,190.0,79.5,0,1272870,38661750,11108880.0
Austin Reaves,LAL,51,1762,373,762,0.49,118,328,0.36,323,371,0.871,33,207,240,280,56,20,151,110,1187,1195,1.85,0.37,28.0,77,197.0,78.25,4,2461463,38661750,13937574.0
Chet Holmgren,OKC,69,1997,434,779,0.557,88,243,0.362,225,284,0.792,130,485,615,115,43,131,107,158,1181,1574,1.08,0.4,24.0,85,208.0,88.9085045539202,3,2378870,38661750,13731368.0
Mikal Bridges,NYK,82,2692,472,963,0.49,156,420,0.371,81,98,0.827,79,233,312,304,107,62,83,160,1181,1375,3.66,1.29,29.0,78,209.0,82.01972299277821,7,3080921,46394100,24900000.0
Evan Mobley,CLE,65,2074,469,859,0.546,62,209,0.297,180,297,0.606,156,430,586,234,48,113,122,159,1180,1532,1.92,0.39,24.0,83,215.0,86.94028125073677,4,2461463,38661750,46394100.0
Jeremiah Fears,NOP,82,2112,437,1006,0.434,101,306,0.33,194,246,0.789,60,240,300,279,97,30,178,151,1169,1076,1.57,0.55,19.0,75,190.0,77.25,0,1272870,38661750,7520040.0
Jaime Jaquez Jr.,MIA,75,2121,464,915,0.507,58,183,0.317,166,216,0.769,96,279,375,352,51,21,152,137,1152,1298,2.32,0.34,25.0,78,225.0,81.5,2,2296274,38661750,3861600.0
Immanuel Quickley,TOR,70,2231,401,905,0.443,178,476,0.374,170,207,0.821,38,244,282,415,92,5,102,141,1150,1301,4.07,0.9,26.0,74,190.0,80.25,5,2667944,38661750,32500000.0
Stephen Curry,GSW,43,1329,374,799,0.468,190,484,0.393,204,221,0.923,17,137,154,203,49,17,121,75,1142,1002,1.68,0.41,38.0,74,185.0,75.5,16,3634153,54126450,59606817.0
Brandin Podziemski,GSW,82,2333,394,866,0.455,153,412,0.371,192,241,0.797,72,347,419,304,88,15,131,136,1133,1307,2.32,0.67,23.0,76,205.0,77.5,2,2296274,38661750,3687960.0
Stephon Castle,SAS,68,2038,385,817,0.471,81,244,0.332,282,384,0.734,98,264,362,502,78,19,217,222,1133,1343,2.31,0.36,21.0,78,215.0,81.0,1,2048494,38661750,9560520.0
Dillon Brooks,PHX,56,1702,417,959,0.435,127,369,0.344,170,202,0.842,43,160,203,99,57,9,98,183,1131,827,1.01,0.58,30.0,79,225.0,78.0,8,3287409,46394100,21124110.0
Naji Marshall,DAL,74,2184,419,821,0.51,62,213,0.291,228,300,0.76,65,283,348,241,82,6,119,143,1128,1212,2.03,0.69,28.0,78,220.0,84.75,5,2667944,38661750,9000000.0
Lauri Markkanen,UTA,42,1443,384,805,0.477,115,324,0.355,240,268,0.896,84,205,289,89,42,21,63,77,1123,1052,1.41,0.67,29.0,85,240.0,88.9085045539202,8,3287409,46394100,46394100.0
Onyeka Okongwu,ATL,74,2297,413,860,0.48,144,383,0.376,153,202,0.757,140,422,562,231,82,79,127,243,1123,1454,1.82,0.65,25.0,82,240.0,85.95616959914507,5,2667944,38661750,15000000.0
OG Anunoby,NYK,67,2224,389,804,0.484,157,407,0.386,183,221,0.828,85,266,351,145,104,48,123,164,1118,1190,1.18,0.85,28.0,79,240.0,86.25,8,3287409,46394100,39568966.0
Brice Sensabaugh,UTA,75,1762,394,857,0.46,162,442,0.367,166,201,0.826,56,175,231,143,54,12,124,143,1116,934,1.15,0.44,22.0,78,235.0,82.01972299277821,2,2296274,38661750,2693760.0
Reed Sheppard,HOU,82,2147,407,946,0.43,227,576,0.394,69,86,0.802,28,210,238,277,122,54,123,166,1110,1122,2.25,0.99,21.0,74,185.0,75.25,1,2048494,38661750,10603560.0
Toumani Camara,POR,82,2731,392,891,0.44,219,592,0.37,97,137,0.708,129,292,421,201,94,35,144,237,1100,1168,1.4,0.65,26.0,79,230.0,84.5,2,2296274,38661750,2221677.0
RJ Barrett,TOR,57,1726,401,816,0.491,96,283,0.339,200,279,0.717,55,245,300,189,42,19,99,147,1098,1055,1.91,0.42,25.0,78,214.0,82.01972299277821,6,2874436,38661750,27705357.0
Jaden McDaniels,MIN,73,2316,417,809,0.515,103,250,0.412,147,176,0.835,76,234,310,199,81,73,131,244,1084,1195,1.52,0.62,25.0,81,185.0,84.97205794755335,5,2667944,38661750,24393104.0
Keldon Johnson,SAS,82,1911,414,797,0.519,99,273,0.363,154,194,0.794,137,303,440,111,46,11,70,162,1081,1196,1.59,0.66,26.0,78,220.0,81.25,6,2874436,38661750,17500000.0
Tim Hardaway Jr.,DEN,80,2127,348,779,0.447,224,550,0.407,159,196,0.811,17,189,206,108,42,10,43,100,1079,934,2.51,0.98,34.0,77,205.0,79.0,12,3634153,54126450,2296274.0
Jerami Grant,POR,57,1695,331,730,0.453,136,350,0.389,262,322,0.814,55,143,198,122,42,36,119,142,1060,880,1.03,0.35,32.0,79,213.0,86.75,11,3634153,54126450,32000001.0
Collin Sexton,CHI,68,1613,360,742,0.485,112,279,0.401,218,255,0.855,41,114,155,223,76,10,141,144,1050,954,1.58,0.54,27.0,75,190.0,79.25,7,3080921,46394100,18975000.0
Naz Reid,MIN,77,2007,397,871,0.456,162,448,0.362,90,123,0.732,90,387,477,170,76,78,126,195,1046,1214,1.35,0.6,26.0,81,264.0,87.25,6,2874436,38661750,21551724.0
Andrew Wiggins,MIA,68,2063,390,821,0.475,138,333,0.414,127,162,0.784,115,214,329,182,76,69,103,156,1045,1132,1.77,0.74,31.0,78,197.0,82.01972299277821,11,3634153,54126450,28223215.0
Shaedon Sharpe,POR,50,1471,392,868,0.452,103,306,0.337,155,197,0.787,51,166,217,132,70,6,147,98,1042,802,0.9,0.48,23.0,77,210.0,83.5,3,2378870,38661750,8399983.0
Ayo Dosunmu,MIN,69,1881,386,747,0.517,123,280,0.439,127,145,0.876,47,190,237,249,58,18,96,130,1022,1109,2.59,0.6,26.0,76,201.0,82.25,4,2461463,38661750,7518518.0
Joel Embiid,PHI,38,1201,341,697,0.489,53,159,0.333,286,335,0.854,75,218,293,150,21,46,109,82,1021,1017,1.38,0.19,32.0,84,270.0,87.92439290232849,11,3634153,54126450,55224526.0
Collin Gillespie,PHX,80,2282,352,842,0.418,232,578,0.401,76,87,0.874,89,238,327,371,99,16,125,130,1012,1199,2.97,0.79,26.0,73,195.0,76.0,3,2378870,38661750,2296274.0
Quentin Grimes,PHI,75,2206,340,755,0.45,127,380,0.334,199,237,0.84,46,227,273,244,64,28,133,155,1006,1029,1.84,0.48,26.0,77,207.0,79.75,4,2461463,38661750,8741209.0
Donte DiVincenzo,MIN,82,2494,339,835,0.406,244,644,0.379,78,105,0.743,67,269,336,313,104,34,118,197,1000,1146,2.65,0.88,29.0,76,203.0,78.0,7,3080921,46394100,11990000.0
Ace Bailey,UTA,72,1988,395,892,0.443,137,398,0.344,66,88,0.75,104,198,302,131,60,49,107,193,993,909,1.22,0.56,19.0,81,200.0,84.5,0,1272870,38661750,9069840.0
Giannis Antetokounmpo,MIL,36,1039,373,598,0.624,15,45,0.333,232,357,0.65,98,254,352,196,34,24,115,86,993,1134,1.7,0.3,31.0,83,243.0,86.94028125073677,12,3634153,54126450,54126450.0
Russell Westbrook,SAC,64,1853,358,839,0.427,128,379,0.338,127,183,0.694,80,268,348,426,83,12,209,147,971,1094,2.04,0.4,37.0,76,200.0,79.75,17,3634153,54126450,2296274.0
Andrew Nembhard,IND,57,1786,333,753,0.442,107,296,0.361,193,234,0.825,25,135,160,437,51,8,137,126,966,1024,3.19,0.37,26.0,76,191.0,77.75,3,2378870,38661750,18102000.0
Nikola Vučević,BOS,64,1818,394,799,0.493,100,271,0.369,77,93,0.828,125,412,537,213,39,41,85,127,965,1289,2.51,0.46,35.0,81,265.0,88.5,14,3634153,54126450,21481481.0
Anthony Black,ORL,64,1910,345,772,0.447,100,300,0.333,169,231,0.732,47,197,244,236,91,45,132,170,959,954,1.79,0.69,22.0,79,200.0,79.5,2,2296274,38661750,7970280.0
Bennedict Mathurin,LAC,54,1620,291,677,0.43,75,238,0.315,292,336,0.869,55,238,293,129,43,13,118,137,949,879,1.09,0.36,23.0,77,210.0,81.0,3,2378870,38661750,9187573.0
Derik Queen,NOP,81,2023,354,748,0.473,23,88,0.261,217,273,0.795,136,436,572,298,84,74,190,215,948,1336,1.57,0.44,21.0,81,250.0,84.5,0,1272870,38661750,5157960.0
Max Christie,DAL,77,2245,320,725,0.441,180,446,0.404,125,139,0.899,15,234,249,151,47,27,96,98,945,904,1.57,0.49,23.0,77,190.0,80.75,3,2378870,38661750,7714286.0
Duncan Robinson,DET,77,2113,318,698,0.456,220,536,0.41,83,110,0.755,29,176,205,159,44,22,54,168,939,908,2.94,0.82,32.0,79,215.0,83.00383464436993,7,3080921,46394100,16834692.0
John Collins,LAC,69,1871,364,659,0.552,89,219,0.406,118,154,0.766,110,257,367,70,60,51,95,187,935,1057,0.74,0.63,28.0,81,226.0,83.25,8,3287409,46394100,26580000.0
Donovan Clingan,POR,77,2094,356,684,0.52,84,246,0.341,138,203,0.68,347,545,892,162,44,130,95,182,934,1674,1.71,0.46,22.0,86,280.0,90.75,1,2048494,38661750,7178400.0
Devin Vassell,SAS,67,2044,330,755,0.437,166,432,0.384,106,130,0.815,39,230,269,167,57,25,60,106,932,941,2.78,0.95,25.0,77,200.0,81.03561134118651,5,2667944,38661750,27000000.0
Jaren Jackson Jr.,UTA,48,1455,342,719,0.476,84,235,0.357,163,203,0.803,42,230,272,94,53,69,107,179,931,895,0.88,0.5,26.0,82,242.0,89.25,7,3080921,46394100,35000000.0
Maxime Raynaud,SAC,74,1964,383,671,0.571,24,74,0.324,132,168,0.786,142,414,556,100,38,39,94,170,922,1237,1.06,0.4,23.0,85,250.0,85.25,0,1272870,38661750,1272870.0
Wendell Carter Jr.,ORL,78,2288,326,637,0.512,72,226,0.319,198,250,0.792,162,415,577,154,60,49,100,267,922,1299,1.54,0.6,27.0,82,270.0,88.5,7,3080921,46394100,10850000.0
Josh Giddey,CHI,54,1731,321,717,0.448,103,283,0.364,174,228,0.763,67,381,448,494,55,27,196,90,919,1297,2.52,0.28,23.0,79,214.0,83.00383464436993,4,2461463,38661750,25000000.0
Bobby Portis,MIL,67,1619,366,750,0.488,135,296,0.456,48,68,0.706,89,339,428,105,41,12,66,110,915,1031,1.59,0.62,31.0,81,250.0,86.0,10,3634153,54126450,13445754.0
Tre Jones,CHI,65,1752,341,617,0.553,41,130,0.315,191,227,0.841,38,166,204,350,76,11,92,94,914,1151,3.8,0.83,26.0,73,190.0,77.09916473481965,5,2667944,38661750,8000000.0
Julian Champagnie,SAS,82,2266,301,689,0.437,195,512,0.381,114,135,0.844,74,399,473,127,62,38,69,131,911,1133,1.84,0.9,24.0,79,217.0,82.0,3,2378870,38661750,3000000.0
Dyson Daniels,ATL,76,2520,402,777,0.517,22,117,0.188,75,122,0.615,184,336,520,449,149,31,135,166,901,1493,3.33,1.1,23.0,79,199.0,82.5,3,2378870,38661750,7707709.0
Deandre Ayton,LAL,72,1958,403,601,0.671,0,0,0.0,91,141,0.645,185,390,575,59,41,70,83,157,897,1311,0.71,0.49,27.0,84,252.0,87.92439290232849,7,3080921,46394100,33654814.0
Kyle Kuzma,MIL,69,1806,339,689,0.492,83,239,0.347,135,186,0.726,57,256,313,184,46,28,119,134,896,947,1.55,0.39,30.0,80,221.0,84.25,8,3287409,46394100,22410605.0
Sandro Mamukelashvili,TOR,80,1751,330,631,0.523,115,296,0.389,118,158,0.747,108,287,395,151,64,41,67,147,893,1136,2.25,0.96,27.0,81,240.0,85.25,4,2461463,38661750,2461463.0
Jarace Walker,IND,76,1953,307,733,0.419,133,356,0.374,137,183,0.749,49,342,391,192,63,26,139,124,884,945,1.38,0.45,22.0,79,235.0,86.5,2,2296274,38661750,6665520.0
Kyle Filipowski,UTA,77,1801,323,657,0.492,74,228,0.325,159,212,0.75,144,408,552,198,73,39,125,232,879,1229,1.58,0.58,22.0,83,250.0,82.5,1,2048494,38661750,3000000.0
Bub Carrington,WAS,82,2271,314,741,0.424,169,414,0.408,81,111,0.73,33,243,276,381,52,17,191,184,878,956,2.0,0.27,20.0,76,190.0,80.0,1,2048494,38661750,4677600.0
Jaylon Tyson,CLE,66,1778,330,670,0.493,133,298,0.446,79,107,0.738,118,220,338,147,54,28,99,164,872,972,1.49,0.55,23.0,78,215.0,80.0,1,2048494,38661750,3492480.0
Coby White,CHA,50,1250,278,623,0.446,115,318,0.362,197,241,0.817,17,153,170,200,25,5,128,111,868,751,1.56,0.2,26.0,76,210.0,77.0,6,2874436,38661750,12888889.0
Jaylen Wells,MEM,69,1821,301,698,0.431,129,365,0.353,134,171,0.784,61,159,220,111,61,9,74,148,865,758,1.5,0.82,22.0,79,206.0,79.25,1,2048494,38661750,1955377.0
Jrue Holiday,POR,53,1560,320,709,0.451,137,362,0.378,88,105,0.838,71,174,245,322,54,6,146,78,865,940,2.21,0.37,35.0,76,220.0,79.0,16,3634153,54126450,32400000.0
Jarrett Allen,CLE,56,1519,337,528,0.638,1,10,0.1,185,261,0.709,144,332,476,100,55,47,75,95,860,1196,1.33,0.73,28.0,81,243.0,89.25,8,3287409,46394100,20000000.0
Brandon Williams,DAL,66,1463,291,617,0.472,36,155,0.232,241,304,0.793,30,161,191,256,62,20,125,103,859,874,2.05,0.5,26.0,73,190.0,77.09916473481965,4,2461463,38661750,2270735.0
Kel'el Ware,MIA,77,1704,344,649,0.53,92,233,0.395,71,96,0.74,217,477,694,56,59,84,62,119,851,1352,0.9,0.95,22.0,84,230.0,88.5,1,2048494,38661750,4443360.0
Myles Turner,MIL,71,1912,284,646,0.44,147,384,0.383,131,177,0.74,75,303,378,103,50,115,83,185,846,1001,1.24,0.6,30.0,83,250.0,88.0,10,3634153,54126450,25318251.0
Darius Garland,LAC,45,1344,309,672,0.46,122,308,0.396,105,122,0.861,18,89,107,301,43,8,130,84,845,794,2.32,0.33,26.0,73,192.0,77.09916473481965,6,2874436,38661750,39446090.0
Cedric Coward,MEM,62,1598,305,648,0.471,93,275,0.338,140,166,0.843,83,281,364,171,40,27,105,126,843,971,1.63,0.38,22.0,77,206.0,86.25,0,1272870,38661750,5715120.0
Grayson Allen,PHX,51,1467,269,667,0.403,159,455,0.349,144,168,0.857,37,118,155,195,69,13,83,117,841,768,2.35,0.83,30.0,75,198.0,79.25,7,3080921,46394100,16875000.0
Tobias Harris,DET,63,1746,309,659,0.469,82,223,0.368,136,157,0.866,55,268,323,157,58,26,63,107,836,966,2.49,0.92,33.0,80,226.0,83.0,14,3634153,54126450,26634146.0
Rudy Gobert,MIN,76,2380,335,491,0.682,0,5,0.0,159,302,0.526,299,573,872,128,58,124,106,199,829,1606,1.21,0.55,33.0,85,258.0,92.5,12,3634153,54126450,35000000.0
Dylan Harper,SAS,69,1558,331,656,0.505,61,178,0.343,90,119,0.756,54,180,234,266,54,24,99,139,813,938,2.69,0.55,20.0,77,215.0,82.5,0,1272870,38661750,12370320.0
Klay Thompson,DAL,69,1497,286,728,0.393,202,527,0.383,36,47,0.766,18,125,143,96,33,22,63,70,810,588,1.52,0.52,36.0,77,220.0,81.0,14,3634153,54126450,16666667.0
Nic Claxton,BKN,69,1920,333,583,0.571,3,19,0.158,141,229,0.616,168,310,478,253,45,77,96,158,810,1229,2.64,0.47,27.0,83,215.0,86.5,6,2874436,38661750,25352272.0
AJ Green,MIL,78,2270,262,618,0.424,232,554,0.419,53,62,0.855,29,184,213,152,39,8,75,179,809,781,2.03,0.52,26.0,76,190.0,80.05149968959479,3,2378870,38661750,2301587.0
Noah Clowney,BKN,66,1780,250,631,0.396,129,392,0.329,180,224,0.804,52,221,273,108,50,45,102,168,809,758,1.06,0.49,21.0,82,210.0,85.95616959914507,2,2296274,38661750,3398640.0
Pelle Larsson,MIA,70,1849,277,559,0.496,62,192,0.323,184,231,0.797,69,175,244,236,49,16,101,148,800,915,2.34,0.49,25.0,77,215.0,79.5,1,2048494,38661750,1955377.0
Cam Spencer,MEM,72,1714,263,556,0.473,146,325,0.449,126,134,0.94,40,143,183,400,52,11,93,103,798,1050,4.3,0.56,26.0,75,205.0,77.0,1,2048494,38661750,2537989.0
P.J. Washington,DAL,56,1736,296,658,0.45,76,234,0.325,125,182,0.687,84,310,394,98,55,60,94,119,793,887,1.04,0.59,27.0,79,230.0,86.5,6,2874436,38661750,14152174.0
Josh Hart,NYK,66,1994,301,592,0.508,100,242,0.413,90,125,0.72,93,393,486,317,75,17,128,165,792,1233,2.48,0.59,31.0,77,215.0,80.25,8,3287409,46394100,19472240.0
Peyton Watson,DEN,54,1598,285,581,0.491,81,197,0.411,138,189,0.73,49,215,264,111,50,61,93,136,789,835,1.19,0.54,23.0,80,200.0,84.5,3,2378870,38661750,4356476.0
Jalen Suggs,ORL,57,1574,282,649,0.435,122,360,0.339,100,117,0.855,36,184,220,312,105,40,152,145,786,927,2.05,0.69,24.0,77,205.0,81.03561134118651,4,2461463,38661750,35000000.0
Anfernee Simons,CHI,55,1372,285,648,0.44,146,379,0.385,69,77,0.896,31,104,135,134,27,8,68,94,785,650,1.97,0.4,26.0,75,200.0,81.25,7,3080921,46394100,27678571.0
Isaiah Joe,OKC,71,1507,247,543,0.455,181,428,0.423,110,123,0.894,33,148,181,94,50,11,45,121,785,767,2.09,1.11,26.0,76,165.0,79.5,5,2667944,38661750,12362338.0
Alex Sarr,WAS,48,1305,316,656,0.482,50,150,0.333,101,146,0.692,105,250,355,130,39,95,82,105,783,935,1.59,0.48,21.0,84,205.0,88.25,1,2048494,38661750,11808240.0
Jay Huff,IND,82,1719,291,611,0.476,119,373,0.319,82,99,0.828,73,251,324,121,41,153,76,196,783,1009,1.59,0.54,28.0,85,240.0,88.9085045539202,4,2461463,38661750,2349578.0
Rui Hachimura,LAL,68,1927,307,597,0.514,116,262,0.443,50,72,0.694,41,185,226,57,39,21,42,110,780,769,1.36,0.93,28.0,80,230.0,83.98794629596165,6,2874436,38661750,18259259.0
Neemias Queta,BOS,76,1926,326,499,0.653,1,8,0.125,123,175,0.703,230,406,636,126,60,100,75,216,776,1398,1.68,0.8,26.0,84,248.0,88.0,4,2461463,38661750,2349578.0
Ajay Mitchell,OKC,57,1473,286,590,0.485,61,176,0.347,141,162,0.87,40,150,190,206,71,18,81,119,774,853,2.54,0.88,23.0,76,190.0,78.25,1,2048494,38661750,3000000.0
Malik Monk,SAC,62,1364,277,632,0.438,124,314,0.395,94,107,0.879,15,102,117,185,37,24,91,99,772,676,2.03,0.41,28.0,75,200.0,79.06738803800309,8,3287409,46394100,18797619.0
Harrison Barnes,SAS,77,1986,262,575,0.456,139,358,0.388,102,123,0.829,62,151,213,148,50,12,61,85,765,793,2.43,0.82,34.0,79,225.0,83.25,13,3634153,54126450,19000000.0
Royce O'Neale,PHX,78,2213,263,625,0.421,212,520,0.408,27,38,0.711,59,313,372,208,84,32,103,177,765,985,2.02,0.82,32.0,78,226.0,82.01972299277821,8,3287409,46394100,10125000.0
Will Riley,WAS,74,1633,271,618,0.439,78,247,0.316,144,180,0.8,56,156,212,146,54,9,94,91,764,708,1.55,0.57,20.0,81,180.0,80.75,0,1272870,38661750,3512520.0
Tristan da Silva,ORL,77,1899,279,620,0.45,120,321,0.374,84,95,0.884,58,226,284,124,68,25,69,117,762,842,1.8,0.99,25.0,80,217.0,82.25,1,2048494,38661750,3809520.0
Jimmy Butler III,GSW,38,1182,240,462,0.519,32,85,0.376,248,287,0.864,88,123,211,185,55,8,60,46,760,898,3.08,0.92,36.0,78,230.0,79.5,14,3634153,54126450,54126450.0
Dennis Schröder,CLE,70,1696,255,629,0.405,75,228,0.329,171,205,0.834,33,157,190,341,55,11,124,109,756,821,2.75,0.44,32.0,73,175.0,79.75,12,3634153,54126450,14104000.0
Zach LaVine,SAC,39,1224,262,547,0.479,99,254,0.39,125,142,0.88,8,100,108,89,28,10,74,81,748,607,1.2,0.38,31.0,77,200.0,80.25,11,3634153,54126450,47499660.0
Precious Achiuwa,SAC,73,1745,316,598,0.528,27,97,0.278,77,139,0.554,177,315,492,101,65,50,65,123,736,1035,1.55,1.0,26.0,80,243.0,84.75,5,2667944,38661750,2111516.0
Tre Johnson,WAS,60,1443,271,647,0.419,115,321,0.358,76,87,0.874,29,141,170,122,33,18,93,122,733,596,1.31,0.36,20.0,77,190.0,82.25,0,1272870,38661750,8237640.0
Moses Moody,GSW,60,1540,245,557,0.44,151,377,0.401,87,113,0.77,51,149,200,98,58,34,57,122,728,723,1.72,1.02,24.0,77,211.0,84.75,4,2461463,38661750,11574075.0
Ausar Thompson,DET,73,1896,303,577,0.525,6,24,0.25,109,191,0.571,150,268,418,228,146,69,110,198,721,1116,2.07,1.33,23.0,79,205.0,84.0,2,2296274,38661750,8775000.0
Sam Hauser,BOS,78,1934,252,601,0.419,198,504,0.393,17,20,0.85,56,244,300,114,38,23,35,113,719,807,3.26,1.09,28.0,79,217.0,81.25,4,2461463,38661750,10044644.0
Jock Landale,ATL,68,1506,282,548,0.515,74,193,0.383,80,126,0.635,183,204,387,115,35,36,60,150,718,919,1.92,0.58,30.0,83,255.0,86.94028125073677,4,2461463,38661750,2296274.0
Kyshawn George,WAS,48,1391,253,577,0.438,99,260,0.381,105,131,0.802,43,202,245,214,48,43,125,169,710,785,1.71,0.38,22.0,80,200.0,82.25,1,2048494,38661750,2966760.0
Kelly Oubre Jr.,PHI,50,1574,254,544,0.467,86,239,0.36,111,145,0.766,50,202,252,80,68,24,69,127,705,736,1.16,0.99,30.0,80,210.0,86.25,10,3634153,54126450,8382150.0
Mark Williams,PHX,60,1416,282,438,0.644,1,1,1.0,135,175,0.771,185,292,477,58,55,55,65,132,700,1084,0.89,0.85,24.0,85,240.0,90.5,3,2378870,38661750,6276531.0
Franz Wagner,ORL,34,1019,244,507,0.481,48,139,0.345,163,198,0.823,43,134,177,113,32,11,58,72,699,676,1.95,0.55,24.0,82,220.0,85.95616959914507,4,2461463,38661750,38661750.0
Kevin Huerter,DET,69,1549,269,596,0.451,100,325,0.308,55,71,0.775,34,206,240,178,63,33,72,115,693,792,2.47,0.88,27.0,78,190.0,79.5,7,3080921,46394100,17991071.0
Isaiah Collier,UTA,59,1517,255,515,0.495,27,100,0.27,151,209,0.722,21,129,150,423,66,20,148,138,688,881,2.86,0.45,21.0,76,210.0,76.75,1,2048494,38661750,2638200.0
GG Jackson,MEM,55,1178,255,514,0.496,64,193,0.332,112,151,0.742,49,186,235,81,31,44,85,75,686,694,0.95,0.37,21.0,81,210.0,83.5,2,2296274,38661750,2221677.0
Ivica Zubac,IND,48,1447,288,482,0.598,0,0,0.0,101,142,0.711,162,347,509,105,18,40,86,112,677,1028,1.22,0.21,29.0,84,240.0,87.92439290232849,9,3303774,46394100,18893980.0
Tyler Herro,MIA,33,1033,247,515,0.48,84,222,0.378,99,108,0.917,14,144,158,136,23,12,64,62,677,665,2.13,0.36,26.0,77,195.0,75.25,6,2874436,38661750,31000000.0
Jake LaRavia,LAL,82,2061,240,523,0.459,78,243,0.321,116,152,0.763,116,210,326,145,104,38,87,196,674,881,1.67,1.2,24.0,79,235.0,81.5,3,2378870,38661750,6000000.0
Daniss Jenkins,DET,72,1455,232,568,0.408,73,195,0.374,134,161,0.832,51,115,166,278,64,15,115,107,671,716,2.42,0.56,24.0,76,165.0,80.05149968959479,1,2048494,38661750,3809524.0
Sam Merrill,CLE,52,1377,223,484,0.461,158,375,0.421,59,69,0.855,28,105,133,125,33,7,42,127,663,648,2.98,0.79,30.0,76,205.0,80.05149968959479,5,2667944,38661750,8482144.0
Kevin Porter Jr.,MIL,38,1261,239,514,0.465,46,143,0.322,137,156,0.878,34,164,198,280,83,19,110,88,661,837,2.55,0.76,26.0,77,203.0,81.0,6,2874436,38661750,5134000.0
Cameron Johnson,DEN,54,1647,228,475,0.48,110,256,0.43,94,112,0.839,43,163,206,132,40,21,47,125,660,747,2.81,0.85,30.0,80,210.0,82.0,6,2874436,38661750,21057065.0
Cason Wallace,OKC,77,2046,252,584,0.432,101,288,0.351,55,68,0.809,63,175,238,200,150,28,73,154,660,858,2.74,2.06,22.0,75,195.0,80.5,2,2296274,38661750,5820240.0
Bilal Coulibaly,WAS,56,1468,230,541,0.425,65,204,0.319,132,177,0.746,48,195,243,145,75,54,81,130,657,737,1.79,0.93,21.0,79,195.0,83.00383464436993,2,2296274,38661750,7275600.0
Davion Mitchell,MIA,70,2000,261,533,0.49,90,228,0.395,42,65,0.646,32,154,186,453,68,11,108,181,654,969,4.19,0.63,27.0,72,202.0,76.25,4,2461463,38661750,11600000.0
Luke Kennard,LAL,78,1681,236,443,0.533,117,245,0.478,63,69,0.913,32,150,182,174,55,8,60,101,652,798,2.9,0.92,29.0,77,206.0,77.25,8,3287409,46394100,11000000.0
Bruce Brown,DEN,82,1998,248,522,0.475,57,148,0.385,96,126,0.762,85,233,318,174,85,20,91,195,649,851,1.91,0.93,29.0,76,202.0,81.0,7,3080921,46394100,2296274.0
Nique Clifford,SAC,75,1882,249,596,0.418,77,231,0.333,70,97,0.722,65,217,282,179,68,24,116,156,645,708,1.54,0.59,24.0,77,175.0,80.0,0,1272870,38661750,3108120.0
Paul George,PHI,37,1135,225,513,0.439,100,255,0.392,91,111,0.82,20,176,196,133,62,16,64,84,641,676,2.08,0.97,36.0,80,230.0,83.25,15,3634153,54126450,51666090.0
Zaccharie Risacher,ATL,67,1503,244,536,0.455,95,258,0.368,58,90,0.644,71,186,257,76,59,36,58,147,641,687,1.31,1.02,21.0,80,200.0,81.5,1,2048494,38661750,13197720.0
Khris Middleton,DAL,63,1439,227,540,0.42,67,186,0.36,119,136,0.875,51,180,231,176,41,9,108,144,640,659,1.63,0.38,34.0,79,222.0,82.75,13,3634153,54126450,33296296.0
Ronald Holland II,DET,78,1551,235,544,0.432,50,198,0.253,120,149,0.805,83,232,315,95,92,27,96,183,640,735,0.99,0.96,20.0,80,206.0,82.75,1,2048494,38661750,8657280.0
Brook Lopez,LAC,75,1635,232,542,0.428,114,317,0.36,56,74,0.757,47,226,273,97,45,87,61,154,634,747,1.59,0.74,38.0,85,282.0,89.5,17,3634153,54126450,8750000.0
Marvin Bagley III,DAL,60,1201,254,411,0.618,24,52,0.462,95,144,0.66,150,216,366,85,28,43,61,123,627,882,1.39,0.46,27.0,82,235.0,85.95616959914507,7,3080921,46394100,2296274.0
Tari Eason,HOU,60,1549,241,580,0.416,93,260,0.358,52,67,0.776,124,252,376,90,72,28,81,138,627,758,1.11,0.89,25.0,80,215.0,86.0,3,2378870,38661750,5675766.0
Gui Santos,GSW,68,1395,230,460,0.5,78,222,0.351,87,120,0.725,75,191,266,159,61,22,102,142,625,768,1.56,0.6,23.0,79,185.0,83.00383464436993,2,2296274,38661750,2221677.0
Jordan Clarkson,NYK,72,1279,237,526,0.451,70,214,0.327,78,94,0.83,62,65,127,96,30,9,63,123,622,516,1.52,0.48,33.0,77,194.0,80.0,11,3634153,54126450,12947835.0
Aaron Nesmith,IND,45,1335,212,512,0.414,105,277,0.379,92,111,0.829,48,139,187,86,26,23,63,124,621,561,1.37,0.41,26.0,77,215.0,81.03561134118651,5,2667944,38661750,11000000.0
De'Andre Hunter,SAC,45,1175,208,501,0.415,75,246,0.305,124,143,0.867,30,155,185,90,30,6,75,112,615,539,1.2,0.4,28.0,79,221.0,83.00383464436993,6,2874436,38661750,23303571.0
Aaron Wiggins,OKC,65,1414,231,536,0.431,96,270,0.356,53,72,0.736,41,158,199,109,60,28,81,83,611,602,1.35,0.74,27.0,77,190.0,81.75,4,2461463,38661750,10102803.0
Jordan Goodwin,PHX,70,1572,229,555,0.413,112,302,0.371,39,56,0.696,138,203,341,151,106,14,68,133,609,810,2.22,1.56,27.0,75,215.0,79.06738803800309,4,2461463,38661750,2349578.0
Bones Hyland,MIN,71,1177,212,468,0.453,116,299,0.388,64,82,0.78,23,104,127,188,44,17,70,120,604,636,2.69,0.63,25.0,74,169.0,81.25,4,2461463,38661750,2296274.0
De'Anthony Melton,GSW,49,1125,215,528,0.407,72,245,0.294,100,121,0.826,39,119,158,125,77,20,91,91,602,557,1.37,0.85,28.0,74,200.0,80.5,7,3080921,46394100,3080921.0
Santi Aldama,MEM,43,1198,228,476,0.479,70,200,0.35,76,114,0.667,67,220,287,126,37,31,55,69,602,742,2.29,0.67,25.0,84,215.0,87.92439290232849,4,2461463,38661750,18485916.0
Jordan Miller,LAC,60,1325,212,399,0.531,38,110,0.345,136,175,0.777,50,132,182,136,45,11,63,62,598,683,2.16,0.71,26.0,77,194.0,83.75,2,2296274,38661750,712637.0
Justin Champagnie,WAS,69,1377,232,462,0.502,53,166,0.319,80,102,0.784,145,239,384,84,59,43,45,114,597,870,1.87,1.31,24.0,78,206.0,81.5,4,2461463,38661750,2349578.0
Simone Fontecchio,MIA,70,1173,194,471,0.412,123,328,0.375,86,102,0.843,56,155,211,101,37,9,49,104,597,613,2.06,0.76,30.0,79,209.0,83.00383464436993,3,2378870,38661750,8307692.0
Kris Dunn,LAC,82,2230,227,477,0.476,80,214,0.374,62,81,0.765,58,213,271,295,131,14,111,189,596,927,2.66,1.18,32.0,75,205.0,81.5,9,3303774,46394100,5426400.0
Cody Williams,UTA,67,1631,238,509,0.468,28,131,0.214,84,119,0.706,61,137,198,137,51,26,73,122,588,621,1.88,0.7,21.0,80,190.0,85.0,1,2048494,38661750,5742480.0
Isaac Okoro,CHI,63,1695,211,459,0.46,73,221,0.33,89,112,0.795,69,104,173,100,46,29,46,162,584,615,2.17,1.0,25.0,76,225.0,80.05149968959479,5,2667944,38661750,11000000.0
Aaron Gordon,DEN,36,1005,198,398,0.497,61,157,0.389,125,163,0.767,51,158,209,96,21,10,38,62,582,642,2.53,0.55,30.0,80,235.0,83.75,11,3634153,54126450,22841455.0
Isaiah Stewart,DET,58,1317,221,402,0.55,40,120,0.333,99,131,0.756,96,194,290,66,16,93,67,166,581,766,0.99,0.24,25.0,80,250.0,88.75,5,2667944,38661750,15000000.0
Marcus Smart,LAL,62,1769,188,476,0.395,97,293,0.331,106,129,0.822,36,136,172,185,87,23,92,162,579,643,2.01,0.95,32.0,75,220.0,81.25,11,3634153,54126450,19920855.0
Luguentz Dort,OKC,69,1849,202,524,0.385,128,372,0.344,44,58,0.759,56,189,245,85,62,27,54,179,576,605,1.57,1.15,27.0,76,220.0,80.5,6,2874436,38661750,18222222.0
Moussa Diabaté,CHA,73,1899,229,363,0.631,1,2,0.5,116,176,0.659,273,362,635,141,56,72,73,176,575,1212,1.93,0.77,24.0,82,210.0,86.5,3,2378870,38661750,2270735.0
Ziaire Williams,BKN,56,1281,184,433,0.425,86,251,0.343,119,140,0.85,30,104,134,60,76,21,59,116,573,535,1.02,1.29,24.0,81,185.0,82.25,4,2461463,38661750,6250000.0
Draymond Green,GSW,68,1869,205,491,0.418,101,310,0.326,59,84,0.702,55,320,375,376,61,42,181,197,570,932,2.08,0.34,36.0,78,230.0,85.25,13,3634153,54126450,25892857.0
Javonte Green,DET,82,1446,185,414,0.447,94,247,0.381,105,125,0.84,62,168,230,56,102,25,45,107,569,688,1.24,2.27,32.0,77,205.0,81.03561134118651,6,2874436,38661750,2296274.0
Jalen Green,PHX,32,828,216,512,0.422,71,227,0.313,65,87,0.747,16,100,116,91,34,8,72,42,568,427,1.26,0.47,24.0,76,186.0,80.05149968959479,4,2461463,38661750,33584499.0
Cam Thomas,MIL,42,881,189,461,0.41,52,168,0.31,137,169,0.811,11,60,71,108,9,4,74,43,567,381,1.46,0.12,24.0,75,210.0,79.06738803800309,4,2461463,38661750,6837779.0
Jonas Valančiūnas,DEN,65,871,227,390,0.582,8,26,0.308,105,136,0.772,105,224,329,78,14,37,73,133,567,758,1.07,0.19,34.0,83,265.0,86.94028125073677,13,3634153,54126450,10395000.0
Jalen Williams,OKC,33,936,216,446,0.484,23,77,0.299,108,129,0.837,27,125,152,181,39,9,63,65,563,630,2.87,0.62,25.0,77,211.0,86.25,3,2378870,38661750,6580997.0
Jared McCain,OKC,67,1160,204,480,0.425,99,257,0.385,51,59,0.864,23,114,137,90,35,5,56,81,558,485,1.61,0.63,22.0,75,195.0,75.5,1,2048494,38661750,4221360.0
Luka Garza,BOS,69,1118,206,357,0.577,55,127,0.433,90,117,0.769,156,125,281,66,27,28,46,161,557,735,1.44,0.59,27.0,82,243.0,85.5,4,2461463,38661750,2461463.0
Vít Krejčí,POR,65,1392,192,429,0.448,128,328,0.39,38,51,0.745,31,117,148,100,47,18,41,138,550,572,2.44,1.15,25.0,80,195.0,83.98794629596165,4,2461463,38661750,2349578.0
Gary Payton II,GSW,73,1142,242,415,0.583,37,127,0.291,26,40,0.65,101,164,265,123,67,21,62,132,547,774,1.98,1.08,33.0,74,195.0,80.0,9,3303774,46394100,2296274.0
Dominick Barlow,PHI,71,1689,215,399,0.539,21,82,0.256,94,131,0.718,133,207,340,87,63,53,56,150,545,811,1.55,1.13,23.0,81,224.0,87.0,3,2378870,38661750,3415000.0
Jamal Shead,TOR,82,1852,185,504,0.367,84,262,0.321,91,116,0.784,26,117,143,444,76,15,112,162,545,767,3.96,0.68,23.0,73,200.0,75.0,1,2048494,38661750,1955377.0
Ja'Kobe Walter,TOR,72,1474,180,404,0.446,110,269,0.409,71,90,0.789,56,129,185,86,73,14,37,162,541,619,2.32,1.97,21.0,76,180.0,82.0,1,2048494,38661750,3638160.0
Jalen Smith,CHI,53,1095,195,404,0.483,82,220,0.373,69,93,0.742,98,257,355,65,24,42,53,111,541,741,1.23,0.45,26.0,80,244.0,86.25,5,2667944,38661750,9000000.0
Day'Ron Sharpe,BKN,62,1160,214,356,0.601,9,39,0.231,103,152,0.678,171,242,413,145,67,26,106,147,540,894,1.37,0.63,24.0,82,265.0,85.95616959914507,4,2461463,38661750,6250000.0
Walter Clayton Jr.,MEM,69,1411,177,461,0.384,75,244,0.307,109,121,0.901,25,114,139,279,44,19,116,119,538,607,2.41,0.38,23.0,76,195.0,76.0,0,1272870,38661750,3991320.0
Egor Dëmin,BKN,52,1308,179,449,0.399,124,322,0.385,54,65,0.831,21,144,165,173,42,17,86,93,536,566,2.01,0.49,20.0,80,200.0,82.25,0,1272870,38661750,
Kristaps Porziņģis,GSW,32,769,173,388,0.446,54,160,0.338,133,158,0.842,40,127,167,81,18,38,41,92,533,556,1.98,0.44,30.0,86,240.0,89.89261620551191,10,3634153,54126450,30731707.0
Corey Kispert,ATL,58,1080,184,394,0.467,87,237,0.367,77,97,0.794,27,105,132,92,16,9,45,60,532,506,2.04,0.36,27.0,78,224.0,79.0,4,2461463,38661750,13975000.0
Oso Ighodaro,PHX,82,1808,239,366,0.653,0,1,0.0,53,117,0.453,138,280,418,185,73,57,101,218,531,972,1.83,0.72,23.0,83,235.0,83.0,1,2048494,38661750,1955377.0
Olivier-Maxence Prosper,MEM,53,984,192,350,0.549,60,148,0.405,86,114,0.754,59,128,187,51,40,13,47,83,530,588,1.09,0.85,23.0,79,230.0,85.0,2,2296274,38661750,1002360.0
Gary Trent Jr.,MIL,65,1377,183,473,0.387,123,342,0.36,40,52,0.769,8,59,67,79,34,3,41,85,529,369,1.93,0.83,27.0,77,204.0,80.75,7,3080921,46394100,3697105.0
Christian Braun,DEN,44,1399,202,389,0.519,43,143,0.301,79,101,0.782,61,150,211,120,30,12,43,103,526,647,2.79,0.7,25.0,78,220.0,78.5,3,2378870,38661750,4921797.0
T.J. McConnell,IND,56,963,242,450,0.538,16,50,0.32,25,29,0.862,22,102,124,287,56,10,64,62,525,726,4.48,0.88,34.0,73,190.0,74.0,10,3634153,54126450,10200000.0
Daniel Gafford,DAL,55,1195,207,316,0.655,0,0,0.0,110,161,0.683,138,240,378,58,42,69,63,144,524,848,0.92,0.67,27.0,82,265.0,86.5,6,2874436,38661750,14386320.0
Jordan Poole,NOP,39,933,165,444,0.372,96,288,0.333,98,114,0.86,9,68,77,119,22,15,69,89,524,393,1.73,0.32,26.0,76,194.0,78.75,6,2874436,38661750,31848215.0
Jaden Hardy,WAS,57,898,182,429,0.424,104,262,0.397,55,75,0.733,15,71,86,58,16,6,62,89,523,360,0.94,0.26,23.0,75,198.0,79.06738803800309,3,2378870,38661750,6000000.0
Ryan Kalkbrenner,CHA,69,1479,219,291,0.753,0,5,0.0,83,116,0.716,167,210,377,54,32,101,62,107,521,918,0.87,0.52,24.0,85,256.0,89.0,0,1272870,38661750,2296274.0
Quinten Post,GSW,67,1159,193,439,0.44,93,277,0.336,34,43,0.791,68,201,269,94,26,35,56,125,513,626,1.68,0.46,26.0,84,238.0,86.5,1,2048494,38661750,1955377.0
Jose Alvarado,NYK,69,1370,187,449,0.416,101,287,0.352,35,46,0.761,26,145,171,234,66,8,77,129,510,639,3.04,0.86,28.0,72,179.0,76.11505308322795,4,2461463,38661750,4500000.0
Caleb Love,POR,49,1013,190,490,0.388,93,292,0.318,36,49,0.735,25,89,114,123,27,4,62,48,509,402,1.98,0.44,24.0,75,212.0,79.06738803800309,0,1272870,38661750,
Danny Wolf,BKN,57,1187,178,440,0.405,68,211,0.322,84,109,0.771,57,224,281,127,30,32,73,126,508,618,1.74,0.41,22.0,83,250.0,86.25,0,1272870,38661750,2801280.0
Patrick Williams,CHI,72,1474,178,478,0.372,95,274,0.347,54,75,0.72,49,166,215,105,49,26,75,93,505,504,1.4,0.65,24.0,78,235.0,82.01972299277821,5,2667944,38661750,18000000.0
Derrick Jones Jr.,LAC,50,1350,189,379,0.499,55,153,0.359,71,93,0.763,61,112,173,69,45,50,40,104,504,589,1.73,1.13,29.0,78,210.0,82.01972299277821,9,3303774,46394100,10000000.0
Paul Reed,DET,65,901,209,339,0.617,13,40,0.325,73,110,0.664,130,164,294,80,57,60,58,120,504,770,1.38,0.98,26.0,81,210.0,86.0,5,2667944,38661750,5335894.0
Nolan Traore,BKN,56,1243,182,479,0.38,61,192,0.318,74,94,0.787,14,85,99,213,45,23,129,119,499,433,1.65,0.35,20.0,75,185.0,80.0,0,1272870,38661750,3811560.0
Jaxson Hayes,LAL,66,1207,198,262,0.756,3,3,1.0,98,150,0.653,99,172,271,59,29,52,31,127,497,761,1.9,0.94,26.0,84,220.0,87.5,6,2874436,38661750,3449323.0
Herbert Jones,NOP,56,1588,183,478,0.383,80,259,0.309,50,62,0.806,47,143,190,155,88,27,73,177,496,576,2.12,1.21,27.0,79,206.0,84.25,4,2461463,38661750,13937574.0
Kobe Sanders,LAC,68,1351,179,384,0.466,80,196,0.408,57,69,0.826,29,124,153,109,49,10,81,146,495,518,1.35,0.61,24.0,80,207.0,80.25,0,1272870,38661750,475497.0
Jakob Poeltl,TOR,46,1149,217,310,0.7,0,0,0.0,59,98,0.602,114,209,323,93,40,32,57,145,493,792,1.63,0.7,30.0,84,253.0,86.75,9,3303774,46394100,19500000.0
Miles McBride,NYK,41,1080,171,404,0.423,112,271,0.413,37,47,0.787,24,76,100,106,35,9,33,70,491,465,3.21,1.06,25.0,74,195.0,80.75,4,2461463,38661750,4333333.0
Collin Murray-Boyles,TOR,57,1246,198,342,0.579,17,50,0.34,71,108,0.657,133,152,285,106,52,53,59,147,484,740,1.8,0.88,20.0,79,245.0,84.75,0,1272870,38661750,6332520.0
Keon Ellis,CLE,72,1479,169,384,0.44,91,251,0.363,51,70,0.729,38,97,135,72,83,46,41,134,480,541,1.76,2.02,26.0,76,175.0,80.5,3,2378870,38661750,2301587.0
Pat Spencer,GSW,66,1229,186,436,0.427,60,168,0.357,44,57,0.772,51,107,158,232,48,5,85,75,476,571,2.73,0.57,29.0,74,205.0,78.08327638641137,2,2296274,38661750,857804.0
Landry Shamet,NYK,51,1171,159,364,0.437,103,263,0.392,54,76,0.711,23,69,92,72,31,9,30,77,475,422,2.4,1.03,29.0,77,190.0,78.75,7,3080921,46394100,2296274.0
Jaylin Williams,OKC,65,1277,149,352,0.423,98,256,0.383,73,92,0.793,32,326,358,158,31,42,67,127,469,769,2.36,0.46,23.0,81,240.0,85.0,3,2378870,38661750,8450704.0
Svi Mykhailiuk,UTA,50,1156,173,362,0.478,98,240,0.408,25,28,0.893,36,88,124,93,26,3,42,63,469,481,2.21,0.62,28.0,79,205.0,76.75,7,3080921,46394100,3675000.0
Ben Sheppard,IND,65,1390,168,387,0.434,84,232,0.362,39,51,0.765,43,152,195,114,39,6,41,114,459,541,2.78,0.95,24.0,78,190.0,79.75,2,2296274,38661750,2790720.0
Micah Potter,IND,47,908,151,293,0.515,71,168,0.423,85,101,0.842,58,175,233,69,22,15,47,82,458,592,1.47,0.47,28.0,81,248.0,84.97205794755335,4,2461463,38661750,1527805.0
Gradey Dick,TOR,76,1067,161,384,0.419,56,186,0.301,77,88,0.875,42,105,147,51,45,7,43,101,455,428,1.19,1.05,22.0,79,200.0,80.75,2,2296274,38661750,4990560.0
Terance Mann,BKN,63,1529,168,368,0.457,56,154,0.364,63,80,0.788,70,130,200,190,41,15,71,155,455,613,2.68,0.58,29.0,78,215.0,79.75,6,2874436,38661750,15500000.0
Quenton Jackson,IND,49,897,154,328,0.47,42,118,0.356,98,119,0.824,28,86,114,140,31,6,62,82,448,482,2.26,0.5,27.0,76,173.0,80.05149968959479,3,2378870,38661750,
Jusuf Nurkić,UTA,41,1083,180,358,0.503,25,71,0.352,62,113,0.549,106,319,425,196,52,22,101,134,447,812,1.94,0.52,31.0,83,290.0,86.94028125073677,11,3634153,54126450,19375000.0
Luke Kornet,SAS,68,1430,175,272,0.643,0,0,0.0,94,114,0.825,181,233,414,126,32,65,28,120,444,936,4.5,1.14,30.0,85,250.0,88.9085045539202,8,3287409,46394100,11000000.0
Caris LeVert,DET,60,1154,163,391,0.417,60,180,0.333,57,84,0.679,23,94,117,159,51,41,82,91,443,474,1.94,0.62,31.0,79,205.0,82.0,9,3303774,46394100,14104000.0
Sion James,CHA,82,1843,138,372,0.371,83,236,0.352,82,98,0.837,49,238,287,163,52,20,65,148,441,648,2.51,0.8,23.0,77,220.0,78.5,0,1272870,38661750,2296274.0
Tristan Vukcevic,WAS,49,671,152,317,0.479,50,144,0.347,87,111,0.784,32,115,147,55,23,33,62,82,441,448,0.89,0.37,23.0,84,220.0,86.5,2,2296274,38661750,
Will Richard,GSW,69,1377,162,346,0.468,71,212,0.335,46,54,0.852,67,105,172,93,80,9,53,131,441,550,1.76,1.51,23.0,75,206.0,79.06738803800309,0,1272870,38661750,1272870.0
Jonathan Kuminga,ATL,36,831,157,339,0.463,35,105,0.333,89,123,0.724,49,153,202,83,22,11,67,55,438,473,1.24,0.33,23.0,79,225.0,83.00383464436993,4,2461463,38661750,23799569.0
Taylor Hendricks,MEM,59,1118,163,355,0.459,63,184,0.342,49,72,0.681,65,156,221,55,50,30,50,99,438,529,1.1,1.0,22.0,81,215.0,84.5,2,2296274,38661750,6127080.0
Isaiah Hartenstein,OKC,47,1137,184,296,0.622,0,7,0.0,64,105,0.61,149,294,443,166,48,36,82,118,432,890,2.02,0.59,28.0,84,250.0,87.92439290232849,7,3080921,46394100,28500000.0
Ousmane Dieng,MIL,57,1099,168,398,0.422,63,185,0.341,32,45,0.711,29,151,180,136,25,17,75,78,431,471,1.81,0.33,23.0,81,185.0,84.97205794755335,3,2378870,38661750,6670882.0
Kentavious Caldwell-Pope,MEM,51,1088,150,366,0.41,55,174,0.316,73,80,0.913,20,105,125,139,43,8,61,57,428,459,2.28,0.71,33.0,77,204.0,80.0,12,3634153,54126450,21621500.0
Baylor Scheierman,BOS,77,1429,151,333,0.453,97,243,0.399,28,31,0.903,57,212,269,116,42,6,46,108,427,629,2.52,0.91,25.0,78,205.0,80.25,1,2048494,38661750,2619000.0
Scoot Henderson,POR,30,748,143,342,0.418,57,162,0.352,84,100,0.84,18,62,80,112,27,9,73,85,427,367,1.53,0.37,22.0,75,207.0,79.06738803800309,2,2296274,38661750,10748040.0
Julian Strawther,DEN,57,861,149,319,0.467,58,150,0.387,57,70,0.814,12,102,114,61,25,6,36,73,413,400,1.69,0.69,24.0,78,205.0,81.25,2,2296274,38661750,2674200.0
Rob Dillingham,CHI,65,970,163,412,0.396,42,133,0.316,41,55,0.745,19,112,131,143,47,6,100,114,409,373,1.43,0.47,21.0,74,175.0,75.0,1,2048494,38661750,6576120.0
Drake Powell,BKN,63,1320,144,358,0.402,51,182,0.28,69,77,0.896,21,90,111,91,36,14,60,89,408,378,1.52,0.6,20.0,77,195.0,84.0,0,1272870,38661750,3372240.0
Anthony Davis,WAS,20,626,169,334,0.506,10,37,0.27,59,81,0.728,62,159,221,56,22,33,41,42,407,511,1.37,0.54,33.0,82,253.0,89.5,13,3634153,54126450,54126450.0
Ryan Dunn,PHX,70,1355,164,362,0.453,56,169,0.331,23,47,0.489,99,198,297,102,60,29,56,130,407,617,1.82,1.07,23.0,79,216.0,85.5,1,2048494,38661750,2657760.0
Andre Drummond,PHI,63,1231,159,337,0.472,32,90,0.356,53,84,0.631,200,332,532,80,38,49,61,125,403,832,1.31,0.62,32.0,83,279.0,90.25,13,3634153,54126450,5000000.0
Robert Williams III,POR,59,1008,177,250,0.708,9,23,0.391,34,57,0.596,141,274,415,60,35,87,49,74,397,849,1.22,0.71,28.0,81,249.0,84.97205794755335,7,3080921,46394100,13285713.0
Ryan Nembhard,DAL,60,1171,162,390,0.415,48,135,0.356,25,31,0.806,13,120,133,316,25,2,85,86,397,554,3.72,0.29,23.0,71,180.0,74.25,0,1272870,38661750,
Javon Small,MEM,41,830,134,288,0.465,60,142,0.423,68,82,0.829,36,92,128,151,34,9,56,65,396,494,2.7,0.61,23.0,73,190.0,76.75,0,1272870,38661750,
Dru Smith,MIA,70,1141,135,325,0.415,38,129,0.295,87,105,0.829,62,111,173,180,100,21,55,109,395,606,3.27,1.82,28.0,74,203.0,78.08327638641137,3,2378870,38661750,2378870.0
Buddy Hield,ATL,51,819,143,327,0.437,74,212,0.349,30,37,0.811,27,89,116,71,39,9,48,57,390,386,1.48,0.81,33.0,76,220.0,81.25,9,3303774,46394100,9219512.0
Ja Morant,MEM,20,569,132,322,0.41,20,85,0.235,105,117,0.897,8,57,65,161,20,6,71,40,389,368,2.27,0.28,26.0,74,174.0,78.08327638641137,6,2874436,38661750,39446090.0
Justin Edwards,PHI,64,977,143,320,0.447,67,180,0.372,33,39,0.846,26,68,94,80,54,11,36,91,386,406,2.22,1.5,22.0,79,217.0,82.0,1,2048494,38661750,2048494.0
Sidy Cissoko,POR,75,1435,133,334,0.398,59,198,0.298,58,88,0.659,62,104,166,110,52,25,70,183,383,435,1.57,0.74,22.0,78,220.0,81.75,2,2296274,38661750,686243.0
Yves Missi,NOP,66,1297,160,294,0.544,0,1,0.0,57,102,0.559,183,202,385,84,20,101,54,113,377,734,1.56,0.37,22.0,83,235.0,86.0,1,2048494,38661750,3353040.0
Goga Bitadze,ORL,64,972,152,225,0.676,2,11,0.182,69,97,0.711,137,183,320,84,37,61,43,136,375,733,1.95,0.86,26.0,83,250.0,86.94028125073677,6,2874436,38661750,8333333.0
Nae'Qwan Tomlin,CLE,64,1004,150,314,0.478,27,115,0.235,47,61,0.77,86,100,186,53,41,34,29,125,374,481,1.83,1.41,25.0,80,210.0,86.5,1,2048494,38661750,718150.0
Guerschon Yabusele,CHI,67,1007,125,312,0.401,69,196,0.352,54,72,0.75,56,178,234,63,26,16,41,81,373,466,1.54,0.63,30.0,79,265.0,83.00383464436993,8,3287409,46394100,5500000.0
Al Horford,GSW,45,969,138,324,0.426,74,205,0.361,22,26,0.846,44,175,219,116,30,51,42,51,372,556,2.76,0.71,39.0,80,240.0,84.75,18,3634153,54126450,5685000.0
Isaiah Jackson,LAC,55,908,151,237,0.637,0,3,0.0,68,105,0.648,113,177,290,52,36,49,58,147,370,616,0.9,0.62,24.0,80,205.0,83.98794629596165,4,2461463,38661750,7600000.0
Thomas Bryant,CLE,60,732,135,267,0.506,47,131,0.359,53,66,0.803,59,146,205,33,18,26,28,75,370,479,1.18,0.64,28.0,81,248.0,90.0,8,3287409,46394100,2296274.0
Jamir Watkins,WAS,50,1032,132,296,0.446,47,158,0.297,57,82,0.695,49,145,194,67,54,25,40,129,368,479,1.68,1.35,24.0,78,210.0,82.75,0,1272870,38661750,
Jordan Walsh,BOS,68,1212,136,267,0.509,48,125,0.384,44,57,0.772,85,187,272,54,49,31,35,137,364,591,1.54,1.4,22.0,78,205.0,85.75,2,2296274,38661750,2221677.0
Josh Minott,BKN,49,834,126,252,0.5,64,153,0.418,48,61,0.787,48,110,158,46,44,24,43,73,364,454,1.07,1.02,23.0,80,205.0,83.98794629596165,3,2378870,38661750,2378870.0
Kenrich Williams,OKC,56,855,140,296,0.473,50,129,0.388,33,52,0.635,59,128,187,79,31,5,43,59,363,447,1.84,0.72,31.0,79,210.0,79.25,7,3080921,46394100,7163000.0
Leonard Miller,CHI,46,719,145,262,0.553,32,99,0.323,39,53,0.736,54,127,181,40,17,15,36,65,361,447,1.11,0.47,22.0,82,220.0,86.0,2,2296274,38661750,2221677.0
Josh Okogie,HOU,78,1354,125,294,0.425,62,161,0.385,41,69,0.594,81,119,200,69,63,16,41,107,353,463,1.68,1.54,27.0,76,213.0,84.0,7,3080921,46394100,2296274.0
Kobe Brown,IND,61,962,127,271,0.469,52,139,0.374,47,59,0.797,68,117,185,80,23,12,53,69,353,444,1.51,0.43,26.0,79,250.0,84.75,2,2296274,38661750,2654880.0
Karlo Matković,NOP,62,912,142,235,0.604,38,90,0.422,30,41,0.732,72,157,229,50,25,54,34,105,352,572,1.47,0.74,25.0,82,231.0,85.95616959914507,1,2048494,38661750,1955377.0
Spencer Jones,DEN,64,1417,132,262,0.504,57,144,0.396,31,51,0.608,75,134,209,51,52,29,31,175,352,512,1.65,1.68,24.0,79,225.0,83.00383464436993,1,2048494,38661750,623967.0
Alex Caruso,OKC,56,1020,127,300,0.423,53,181,0.293,41,51,0.804,28,127,155,110,72,17,48,68,348,471,2.29,1.5,32.0,77,186.0,81.03561134118651,8,3287409,46394100,18102000.0
Jayson Tatum,BOS,16,522,118,287,0.411,47,143,0.329,65,79,0.823,8,152,160,85,22,3,39,26,348,396,2.18,0.56,28.0,80,210.0,83.98794629596165,8,3287409,46394100,54126450.0
Trendon Watford,PHI,53,864,138,268,0.515,10,50,0.2,60,77,0.779,38,137,175,132,16,22,64,107,346,480,2.06,0.25,25.0,80,245.0,86.25,4,2461463,38661750,2461463.0
Adem Bona,PHI,71,1234,131,220,0.595,2,6,0.333,80,113,0.708,128,179,307,32,30,82,56,153,344,617,0.57,0.54,23.0,82,235.0,87.75,1,2048494,38661750,1955377.0
Daeqwon Plowden,SAC,32,844,120,279,0.43,62,186,0.333,42,49,0.857,33,64,97,41,23,7,26,78,344,320,1.58,0.89,27.0,76,216.0,80.05149968959479,1,2048494,38661750,
Nikola Jović,MIA,47,808,115,314,0.366,45,167,0.269,69,101,0.683,25,128,153,102,26,17,65,65,344,346,1.57,0.4,22.0,82,205.0,84.25,3,2378870,38661750,4445417.0
Jalen Wilson,BKN,54,859,110,278,0.396,54,152,0.355,69,96,0.719,17,97,114,50,22,2,38,85,343,298,1.32,0.58,25.0,78,220.0,80.0,2,2296274,38661750,2221677.0
Dean Wade,CLE,59,1318,122,278,0.439,71,196,0.362,27,38,0.711,53,194,247,88,44,23,16,90,342,561,5.5,2.75,29.0,81,228.0,84.97205794755335,6,2874436,38661750,6623456.0
Mouhamed Gueye,ATL,77,1179,131,290,0.452,40,130,0.308,40,62,0.645,89,186,275,69,61,39,33,127,342,572,2.09,1.85,23.0,83,210.0,87.25,2,2296274,38661750,2221677.0
Bryce McGowens,NOP,42,880,114,237,0.481,38,93,0.409,74,95,0.779,12,76,88,62,27,8,17,88,340,364,3.65,1.59,23.0,78,190.0,80.75,3,2378870,38661750,724598.0
Mitchell Robinson,NYK,60,1175,149,206,0.723,0,0,0.0,42,103,0.408,252,273,525,52,56,70,41,127,340,884,1.27,1.37,28.0,84,240.0,87.92439290232849,7,3080921,46394100,12954546.0
Devin Carter,SAC,38,700,121,292,0.414,30,114,0.263,67,94,0.713,36,89,125,101,34,9,54,50,339,356,1.87,0.63,24.0,74,195.0,80.75,1,2048494,38661750,4923720.0
Jevon Carter,ORL,53,867,123,307,0.401,78,215,0.363,15,19,0.789,14,75,89,87,40,10,36,57,339,341,2.42,1.11,30.0,72,190.0,76.25,7,3080921,46394100,7680524.0
Jericho Sims,MIL,67,1318,145,185,0.784,0,0,0.0,44,71,0.62,147,223,370,104,19,17,75,146,334,702,1.39,0.25,27.0,82,250.0,87.25,4,2461463,38661750,2461463.0
Sharife Cooper,WAS,41,700,127,247,0.514,29,76,0.382,50,60,0.833,18,68,86,124,16,5,61,61,333,373,2.03,0.26,24.0,72,176.0,76.11505308322795,4,2461463,38661750,
Ben Saraf,BKN,44,916,120,303,0.396,19,90,0.211,73,88,0.83,20,72,92,145,38,8,99,81,332,318,1.47,0.38,20.0,78,200.0,80.7,0,1272870,38661750,2884560.0
Rayan Rupert,MEM,64,1073,123,313,0.393,44,136,0.324,42,54,0.778,48,140,188,68,55,9,55,124,332,395,1.24,1.0,22.0,79,205.0,86.0,2,2296274,38661750,2353647.0
Kris Murray,POR,57,1333,129,276,0.467,34,122,0.279,39,57,0.684,90,116,206,81,51,22,47,92,331,479,1.72,1.09,25.0,80,218.0,83.75,2,2296274,38661750,3132000.0
Kasparas Jakučionis,MIA,53,945,102,238,0.429,66,156,0.423,58,66,0.879,43,95,138,137,33,7,50,99,328,449,2.74,0.66,20.0,77,200.0,79.75,0,1272870,38661750,3658800.0
Anthony Gill,WAS,55,951,135,215,0.628,17,48,0.354,34,46,0.739,58,100,158,69,31,21,36,88,321,472,1.92,0.86,33.0,79,230.0,83.00383464436993,5,2667944,38661750,2296274.0
Keegan Murray,SAC,23,793,126,300,0.42,31,112,0.277,38,49,0.776,33,99,132,38,24,36,27,42,321,339,1.41,0.89,25.0,80,225.0,83.98794629596165,3,2378870,38661750,11144093.0
Jaden Ivey,CHI,37,670,114,256,0.445,50,134,0.373,38,47,0.809,24,67,91,68,23,14,41,53,316,320,1.66,0.56,24.0,75,195.0,79.06738803800309,3,2378870,38661750,10107163.0
Ochai Agbaji,BKN,62,973,122,280,0.436,34,128,0.266,36,43,0.837,46,95,141,47,24,17,31,93,314,347,1.52,0.77,26.0,77,215.0,82.0,3,2378870,38661750,6383525.0
Aaron Holiday,HOU,57,781,105,252,0.417,67,170,0.394,35,41,0.854,13,45,58,60,27,5,38,72,312,271,1.58,0.71,29.0,72,185.0,79.5,7,3080921,46394100,2296274.0
Domantas Sabonis,SAC,19,564,120,221,0.543,5,27,0.185,56,77,0.727,64,152,216,78,18,4,51,66,301,444,1.53,0.35,30.0,82,240.0,85.95616959914507,9,3303774,46394100,42336000.0
Jett Howard,ORL,55,695,105,251,0.418,54,145,0.372,37,39,0.949,23,64,87,45,10,11,15,66,301,291,3.0,0.67,22.0,80,215.0,83.98794629596165,2,2296274,38661750,5529720.0
Vince Williams Jr.,UTA,40,819,103,292,0.353,55,177,0.311,39,50,0.78,39,116,155,166,29,16,70,80,300,396,2.37,0.41,25.0,76,205.0,80.05149968959479,3,2378870,38661750,2301587.0
Carter Bryant,SAS,71,818,108,265,0.408,52,155,0.335,30,42,0.714,38,140,178,47,16,23,33,94,298,360,1.42,0.49,20.0,78,220.0,83.75,0,1272870,38661750,4900320.0
Nicolas Batum,LAC,74,1295,96,238,0.403,92,228,0.404,9,11,0.818,23,161,184,64,47,23,37,100,293,430,1.73,1.27,37.0,79,230.0,83.00383464436993,17,3634153,54126450,5601600.0
Tre Mann,CHA,53,668,109,303,0.36,50,155,0.323,23,27,0.852,20,72,92,86,25,5,54,69,291,247,1.59,0.46,25.0,76,178.0,76.0,4,2461463,38661750,8000000.0
Tyrese Martin,PHI,46,777,109,277,0.394,53,165,0.321,19,28,0.679,34,82,116,78,25,6,40,33,290,298,1.95,0.63,27.0,78,215.0,82.01972299277821,3,2378870,38661750,2191897.0
Craig Porter Jr.,CLE,64,1148,116,258,0.45,33,93,0.355,24,40,0.6,85,135,220,205,57,38,59,70,289,592,3.48,0.97,26.0,73,180.0,77.09916473481965,2,2296274,38661750,2221677.0
Hugo González,BOS,74,1084,117,246,0.476,42,116,0.362,13,26,0.5,62,184,246,40,42,21,38,124,289,458,1.05,1.11,20.0,78,200.0,82.75,0,1272870,38661750,2783880.0
Jarred Vanderbilt,LAL,65,1128,113,240,0.471,29,99,0.293,33,56,0.589,80,212,292,84,55,19,56,104,288,532,1.5,0.98,27.0,80,214.0,83.98794629596165,7,3080921,46394100,11571429.0
Clint Capela,HOU,75,926,118,227,0.52,1,2,0.5,45,78,0.577,160,185,345,50,36,63,41,74,282,593,1.22,0.88,32.0,82,256.0,85.95616959914507,11,3634153,54126450,6700000.0
Jabari Walker,PHI,64,762,97,213,0.455,32,95,0.337,50,68,0.735,72,120,192,34,23,13,27,103,276,377,1.26,0.85,23.0,79,237.0,82.75,3,2378870,38661750,724598.0
Nick Richards,CHI,48,701,103,201,0.512,5,18,0.278,65,101,0.644,77,166,243,16,10,32,59,88,276,384,0.27,0.17,28.0,83,245.0,86.25,5,2667944,38661750,5000000.0
Jaylen Clark,MIN,68,888,99,228,0.434,33,101,0.327,44,67,0.657,54,66,120,43,47,9,23,87,275,319,1.87,2.04,24.0,77,205.0,81.0,2,2296274,38661750,2191897.0
Tyler Kolek,NYK,62,727,108,248,0.435,44,114,0.386,14,20,0.7,16,82,98,170,22,4,55,65,274,367,3.09,0.4,25.0,74,195.0,74.75,1,2048494,38661750,2191897.0
Tyrese Proctor,CLE,50,545,93,225,0.413,46,131,0.351,40,45,0.889,11,53,64,74,25,0,40,59,272,258,1.85,0.63,22.0,76,185.0,79.25,0,1272870,38661750,1272870.0
Kyle Anderson,MIN,43,853,107,202,0.53,4,11,0.364,48,68,0.706,42,108,150,126,45,26,39,96,266,459,3.23,1.15,32.0,80,230.0,86.75,11,3634153,54126450,9219512.0
Jamaree Bouyea,PHX,46,644,108,236,0.458,23,78,0.295,24,35,0.686,18,64,82,82,29,16,30,38,263,303,2.73,0.97,26.0,74,180.0,78.08327638641137,3,2378870,38661750,
Micah Peavy,NOP,61,913,106,275,0.385,28,108,0.259,22,29,0.759,46,71,117,61,43,9,20,96,262,296,3.05,2.15,24.0,79,215.0,79.25,0,1272870,38661750,1272870.0
Jalen Pickett,DEN,50,807,98,232,0.422,49,127,0.386,15,19,0.789,18,96,114,115,13,5,34,42,260,335,3.38,0.38,26.0,74,202.0,79.25,2,2296274,38661750,2221677.0
Jordan Hawkins,NOP,51,692,94,257,0.366,47,135,0.348,23,27,0.852,20,68,88,42,13,10,34,30,258,210,1.24,0.38,24.0,77,190.0,78.75,2,2296274,38661750,4741320.0
Pete Nance,MIL,47,737,100,194,0.515,50,119,0.42,4,11,0.364,27,98,125,48,14,14,26,62,254,328,1.85,0.54,26.0,81,225.0,84.97205794755335,2,2296274,38661750,
Grant Williams,CHA,36,711,78,183,0.426,52,134,0.388,44,54,0.815,46,96,142,56,17,18,31,56,252,339,1.81,0.55,27.0,79,236.0,81.75,6,2874436,38661750,13645500.0
Josh Green,CHA,58,908,83,181,0.459,58,138,0.42,25,28,0.893,45,57,102,47,35,6,35,64,249,303,1.34,1.0,25.0,78,200.0,81.75,5,2667944,38661750,13666667.0
John Konchar,UTA,56,1115,94,199,0.472,28,99,0.283,32,44,0.727,74,166,240,118,83,38,35,79,248,575,3.37,2.37,30.0,77,210.0,81.03561134118651,6,2874436,38661750,6165000.0
Kevin Love,UTA,37,613,79,199,0.397,53,142,0.373,37,44,0.841,55,160,215,67,14,9,30,54,248,396,2.23,0.47,37.0,82,251.0,83.25,17,3634153,54126450,4150000.0
Mohamed Diawara,NYK,69,634,90,213,0.423,48,130,0.369,18,24,0.75,15,79,94,53,17,6,30,50,246,257,1.77,0.57,21.0,81,225.0,84.97205794755335,0,1272870,38661750,1272870.0
Mike Conley,MIN,54,991,72,215,0.335,56,166,0.337,45,50,0.9,18,75,93,157,35,14,34,84,245,362,4.62,1.03,38.0,73,175.0,77.75,18,3634153,54126450,11499872.0
Terrence Shannon Jr.,MIN,43,538,77,171,0.45,31,76,0.408,56,70,0.8,10,39,49,38,14,1,24,50,241,211,1.58,0.58,25.0,78,215.0,80.0,1,2048494,38661750,2674080.0
Jase Richardson,ORL,54,587,89,188,0.473,28,79,0.354,33,46,0.717,21,42,63,58,19,2,25,53,239,244,2.32,0.76,20.0,73,180.0,78.0,0,1272870,38661750,2983320.0
Taurean Prince,MIL,26,611,86,191,0.45,61,140,0.436,6,6,1.0,4,77,81,46,16,6,31,48,239,252,1.48,0.52,32.0,78,218.0,83.5,9,3303774,46394100,3303774.0
Dylan Cardwell,SAC,44,907,105,179,0.587,2,4,0.5,26,51,0.51,147,185,332,62,30,67,39,161,238,591,1.59,0.77,24.0,82,255.0,85.95616959914507,0,1272870,38661750,
Rasheer Fleming,PHX,55,673,87,215,0.405,45,130,0.346,19,34,0.559,57,67,124,16,22,21,29,64,238,249,0.55,0.76,21.0,81,240.0,89.25,0,1272870,38661750,1272870.0
Cole Anthony,MIL,35,527,98,231,0.424,22,72,0.306,16,26,0.615,16,71,87,121,20,11,65,73,234,265,1.86,0.31,26.0,74,185.0,78.08327638641137,5,2667944,38661750,5996274.0
Gabe Vincent,ATL,53,879,76,216,0.352,59,173,0.341,20,23,0.87,17,37,54,76,27,3,27,79,231,221,2.82,1.0,29.0,74,200.0,78.08327638641137,6,2874436,38661750,11500000.0
Dalton Knecht,LAL,54,553,87,191,0.455,38,111,0.342,16,22,0.727,14,61,75,21,11,11,23,45,228,213,0.91,0.48,25.0,78,215.0,81.0,1,2048494,38661750,4010160.0
Asa Newell,ATL,44,500,91,169,0.538,29,75,0.387,16,29,0.552,44,52,96,26,16,15,23,65,227,266,1.13,0.7,20.0,82,220.0,83.25,0,1272870,38661750,3237480.0
Caleb Martin,DAL,58,856,85,189,0.45,20,57,0.351,37,61,0.607,28,115,143,81,40,15,40,86,227,338,2.03,1.0,30.0,77,205.0,82.0,6,2874436,38661750,9594044.0
Noah Penda,ORL,59,757,82,203,0.404,30,93,0.323,33,48,0.688,67,120,187,70,30,18,42,70,227,354,1.67,0.71,21.0,79,215.0,83.5,0,1272870,38661750,1272870.0
Ethan Thompson,IND,32,653,74,196,0.378,38,116,0.328,37,47,0.787,17,52,69,57,20,9,25,69,223,221,2.28,0.8,27.0,76,195.0,80.05149968959479,1,2048494,38661750,
Tidjane Salaün,CHA,37,575,80,159,0.503,36,83,0.434,26,40,0.65,26,123,149,27,16,7,26,54,222,302,1.04,0.62,20.0,82,207.0,85.5,1,2048494,38661750,7863240.0
Drew Eubanks,SAC,42,552,93,156,0.596,1,7,0.143,32,57,0.561,39,88,127,19,15,26,30,57,219,288,0.63,0.5,29.0,82,245.0,85.95616959914507,7,3080921,46394100,2296274.0
Dwight Powell,DAL,63,904,65,101,0.644,2,7,0.286,78,112,0.696,96,161,257,68,34,21,41,133,210,479,1.66,0.83,34.0,82,240.0,84.5,11,3634153,54126450,4000000.0
Tyus Jones,DEN,67,979,76,218,0.349,40,137,0.292,7,9,0.778,12,64,76,159,37,3,25,31,199,305,6.36,1.48,30.0,72,196.0,77.0,10,3634153,54126450,7000000.0
Jahmai Mashack,MEM,31,673,77,195,0.395,19,75,0.253,19,35,0.543,23,58,81,69,37,14,49,67,192,210,1.41,0.76,23.0,76,203.0,80.05149968959479,0,1272870,38661750,
Jamison Battle,TOR,61,517,74,145,0.51,35,85,0.412,9,14,0.643,20,69,89,24,7,3,19,42,192,220,1.26,0.37,25.0,79,220.0,83.00383464436993,1,2048494,38661750,1955377.0
Zeke Nnaji,DEN,52,626,71,151,0.47,14,54,0.259,34,44,0.773,33,103,136,29,17,24,27,71,190,279,1.07,0.63,25.0,82,240.0,86.0,5,2667944,38661750,8177778.0
Steven Adams,HOU,32,730,70,139,0.504,0,0,0.0,47,81,0.58,145,131,276,48,22,20,35,55,187,415,1.37,0.63,32.0,83,265.0,88.5,12,3634153,54126450,14130434.0
Keaton Wallace,ATL,53,536,68,171,0.398,38,102,0.373,12,18,0.667,3,53,56,94,24,5,28,48,186,228,3.36,0.86,27.0,75,185.0,79.06738803800309,1,2048494,38661750,2296274.0
Johnny Furphy,IND,35,643,70,149,0.47,23,71,0.324,17,35,0.486,32,121,153,41,20,7,29,65,180,275,1.41,0.69,21.0,80,200.0,80.0,1,2048494,38661750,1955377.0
Elijah Harkless,UTA,26,545,54,161,0.335,21,88,0.239,49,64,0.766,10,43,53,75,31,6,26,52,178,195,2.89,1.19,26.0,75,195.0,79.06738803800309,1,2048494,38661750,
Dalen Terry,PHI,48,551,68,155,0.439,24,66,0.364,16,30,0.533,26,60,86,66,29,15,26,49,176,245,2.54,1.12,23.0,78,210.0,84.75,3,2378870,38661750,5399118.0
Moussa Cisse,DAL,38,530,66,115,0.574,0,0,0.0,38,81,0.469,89,127,216,9,19,45,30,73,170,337,0.3,0.63,23.0,83,220.0,86.94028125073677,0,1272870,38661750,
Kam Jones,IND,37,616,68,169,0.402,22,75,0.293,4,8,0.5,15,45,60,119,18,0,36,39,162,218,3.31,0.5,24.0,76,200.0,78.0,0,1272870,38661750,1272870.0
Lonzo Ball,CLE,35,728,53,176,0.301,40,147,0.272,14,21,0.667,26,114,140,136,45,9,52,46,160,308,2.62,0.87,28.0,77,190.0,81.03561134118651,8,3287409,46394100,10000000.0
Jonathan Isaac,ORL,52,521,46,109,0.422,7,38,0.184,35,58,0.603,43,89,132,22,20,31,18,41,134,235,1.22,1.11,28.0,82,230.0,85.95616959914507,8,3287409,46394100,15000000.0
Gary Harris,MIL,48,661,46,104,0.442,28,68,0.412,8,9,0.889,16,45,61,51,27,9,19,53,128,198,2.68,1.42,31.0,76,210.0,78.75,11,3634153,54126450,3634153.0
Dorian Finney-Smith,HOU,37,620,44,132,0.333,27,100,0.27,8,9,0.889,35,58,93,36,16,6,22,61,123,163,1.64,0.73,33.0,79,220.0,83.75,9,3303774,46394100,12700000.0
