player_id,player,age,height_in,weight_lb,wingspan_in,years_experience,min_salary,max_salary
1630639,A.J. Lawson,25.0,78,179.0,78.75,3,2378870,38661750
1631260,AJ Green,26.0,76,190.0,80.05149968959479,3,2378870,38661750
1642358,AJ Johnson,21.0,77,160.0,80.5,1,2048494,38661750
203932,Aaron Gordon,30.0,80,235.0,83.75,11,3634153,54126450
1628988,Aaron Holiday,29.0,72,185.0,79.5,7,3080921,46394100
1630174,Aaron Nesmith,26.0,77,215.0,81.03561134118651,5,2667944,38661750
1630598,Aaron Wiggins,27.0,77,190.0,81.75,4,2461463,38661750
1642846,Ace Bailey,19.0,81,200.0,84.5,0,1272870,38661750
1642380,Adama Bal,22.0,79,190.0,83.00383464436993,0,1272870,38661750
1641737,Adem Bona,23.0,82,235.0,87.75,1,2048494,38661750
1642876,Adou Thiero,22.0,79,220.0,84.0,0,1272870,38661750
1642349,Ajay Mitchell,23.0,76,190.0,78.25,1,2048494,38661750
201143,Al Horford,39.0,80,240.0,84.75,18,3634153,54126450
1630828,Alex Antetokounmpo,24.0,80,214.0,83.98794629596165,0,1272870,38661750
1627936,Alex Caruso,32.0,77,186.0,81.03561134118651,8,3287409,46394100
1631457,Alex Morales,28.0,78,210.0,82.01972299277821,0,1272870,38661750
1642259,Alex Sarr,21.0,84,205.0,88.25,1,2048494,38661750
1642918,Alijah Martin,24.0,74,210.0,79.5,0,1272870,38661750
1631214,Alondes Williams,26.0,76,210.0,79.0,3,2378870,38661750
1630578,Alperen Sengun,23.0,83,243.0,86.94028125073677,4,2461463,38661750
1642873,Amari Williams,24.0,83,250.0,86.94028125073677,0,1272870,38661750
1641708,Amen Thompson,23.0,79,200.0,84.0,2,2296274,38661750
1629599,Amir Coffey,28.0,79,210.0,83.00383464436993,6,2874436,38661750
1643158,Andersson Garcia,25.0,79,220.0,83.00383464436993,0,1272870,38661750
203083,Andre Drummond,32.0,83,279.0,90.25,13,3634153,54126450
1641748,Andre Jackson Jr.,24.0,78,209.0,81.75,2,2296274,38661750
1629614,Andrew Nembhard,26.0,76,191.0,77.75,3,2378870,38661750
203952,Andrew Wiggins,31.0,78,197.0,82.01972299277821,11,3634153,54126450
1629014,Anfernee Simons,26.0,75,200.0,81.25,7,3080921,46394100
1641710,Anthony Black,22.0,79,200.0,79.5,2,2296274,38661750
203076,Anthony Davis,33.0,82,253.0,89.5,13,3634153,54126450
1630162,Anthony Edwards,24.0,76,225.0,80.05149968959479,5,2667944,38661750
1630264,Anthony Gill,33.0,79,230.0,83.00383464436993,5,2667944,38661750
1641810,Antonio Reeves,25.0,77,205.0,80.25,1,2048494,38661750
1630574,Ariel Hukporti,24.0,84,246.0,86.5,1,2048494,38661750
1642854,Asa Newell,20.0,82,220.0,83.25,0,1272870,38661750
1641709,Ausar Thompson,23.0,79,205.0,84.0,2,2296274,38661750
1630559,Austin Reaves,28.0,77,197.0,78.25,4,2461463,38661750
1630245,Ayo Dosunmu,26.0,76,201.0,82.25,4,2461463,38661750
1628389,Bam Adebayo,28.0,81,255.0,86.75,8,3287409,46394100
1631248,Baylor Scheierman,25.0,78,205.0,80.25,1,2048494,38661750
1642879,Ben Saraf,20.0,78,200.0,80.7,0,1272870,38661750
1641767,Ben Sheppard,24.0,78,190.0,79.75,2,2296274,38661750
1631097,Bennedict Mathurin,23.0,77,210.0,81.0,3,2378870,38661750
1643016,Bez Mbeng,23.0,76,185.0,80.05149968959479,0,1272870,38661750
1641731,Bilal Coulibaly,21.0,79,195.0,83.00383464436993,2,2296274,38661750
202687,Bismack Biyombo,33.0,80,255.0,83.98794629596165,14,3634153,54126450
1642396,Blake Hinson,26.0,80,230.0,83.98794629596165,0,1272870,38661750
1631104,Blake Wesley,23.0,76,190.0,81.25,3,2378870,38661750
1626171,Bobby Portis,31.0,81,250.0,86.0,10,3634153,54126450
1641752,Bobi Klintman,23.0,81,225.0,83.0,1,2048494,38661750
203992,Bogdan Bogdanović,33.0,77,225.0,81.03561134118651,8,3287409,46394100
1630538,Bones Hyland,25.0,74,169.0,81.25,4,2461463,38661750
203078,Bradley Beal,32.0,76,207.0,80.0,13,3634153,54126450
1642382,Branden Carlson,26.0,84,220.0,87.92439290232849,1,2048494,38661750
1641764,Brandin Podziemski,23.0,76,205.0,77.5,2,2296274,38661750
1629634,Brandon Clarke,29.0,80,215.0,80.25,6,2874436,38661750
1627742,Brandon Ingram,28.0,80,190.0,83.98794629596165,9,3303774,46394100
1641706,Brandon Miller,23.0,79,200.0,83.00383464436993,2,2296274,38661750
1630314,Brandon Williams,26.0,73,190.0,77.09916473481965,4,2461463,38661750
1641729,Brice Sensabaugh,22.0,78,235.0,82.01972299277821,2,2296274,38661750
1642355,Bronny James,21.0,74,210.0,79.25,1,2048494,38661750
201572,Brook Lopez,38.0,85,282.0,89.5,17,3634153,54126450
1642964,Brooks Barnhizer,24.0,77,230.0,81.03561134118651,0,1272870,38661750
1628971,Bruce Brown,29.0,76,202.0,81.0,7,3080921,46394100
1631121,Bryce McGowens,23.0,78,190.0,80.75,3,2378870,38661750
1642267,Bub Carrington,20.0,76,190.0,80.0,1,2048494,38661750
1631205,Buddy Boeheim,26.0,77,205.0,81.03561134118651,3,2378870,38661750
1627741,Buddy Hield,33.0,76,220.0,81.25,9,3303774,46394100
1643047,CJ Huntley,24.0,83,230.0,86.94028125073677,0,1272870,38661750
203468,CJ McCollum,34.0,75,190.0,78.25,12,3634153,54126450
1630595,Cade Cunningham,24.0,78,220.0,82.01972299277821,4,2461463,38661750
1631216,Caleb Houstan,23.0,80,205.0,83.98794629596165,3,2378870,38661750
1631126,Caleb Love,24.0,75,212.0,79.06738803800309,0,1272870,38661750
1628997,Caleb Martin,30.0,77,205.0,82.0,6,2874436,38661750
1642353,Cam Christie,20.0,77,190.0,80.0,1,2048494,38661750
1642285,Cam Spencer,26.0,75,205.0,77.0,1,2048494,38661750
1630560,Cam Thomas,24.0,75,210.0,79.06738803800309,4,2461463,38661750
1641715,Cam Whitmore,21.0,78,230.0,80.5,2,2296274,38661750
1629661,Cameron Johnson,30.0,80,210.0,82.0,6,2874436,38661750
1626166,Cameron Payne,31.0,74,183.0,79.25,10,3634153,54126450
1627747,Caris LeVert,31.0,79,205.0,82.0,9,3303774,46394100
1642868,Carter Bryant,20.0,78,220.0,83.75,0,1272870,38661750
1641717,Cason Wallace,22.0,75,195.0,80.5,2,2296274,38661750
1642907,Cedric Coward,22.0,77,206.0,86.25,0,1272870,38661750
1643052,Chaney Johnson,23.0,79,220.0,83.00383464436993,0,1272870,38661750
1629646,Charles Bassey,25.0,82,230.0,87.0,4,2461463,38661750
1642404,Chaz Lanier,24.0,75,206.0,81.0,0,1272870,38661750
1631096,Chet Holmgren,24.0,85,208.0,88.9085045539202,3,2378870,38661750
1628449,Chris Boucher,33.0,80,200.0,88.0,8,3287409,46394100
1641753,Chris Livingston,22.0,78,220.0,83.25,2,2296274,38661750
1643024,Chris Mañon,24.0,76,209.0,80.05149968959479,0,1272870,38661750
101108,Chris Paul,41.0,72,175.0,76.25,20,3634153,54126450
1642959,Chris Youngblood,24.0,76,,80.05149968959479,0,1272870,38661750
1631128,Christian Braun,25.0,78,220.0,78.5,3,2378870,38661750
1631132,Christian Koloko,25.0,83,225.0,89.25,3,2378870,38661750
1642935,Chucky Hepburn,23.0,72,190.0,76.11505308322795,0,1272870,38661750
203991,Clint Capela,32.0,82,256.0,85.95616959914507,11,3634153,54126450
1629632,Coby White,26.0,76,210.0,77.0,6,2874436,38661750
1628998,Cody Martin,30.0,78,205.0,82.25,6,2874436,38661750
1642262,Cody Williams,21.0,80,190.0,85.0,1,2048494,38661750
1641732,Colby Jones,24.0,78,207.0,80.0,2,2296274,38661750
1630175,Cole Anthony,26.0,74,185.0,78.08327638641137,5,2667944,38661750
1630658,Colin Castleton,26.0,82,250.0,85.95616959914507,2,2296274,38661750
1631221,Collin Gillespie,26.0,73,195.0,76.0,3,2378870,38661750
1642867,Collin Murray-Boyles,20.0,79,245.0,84.75,0,1272870,38661750
1629012,Collin Sexton,27.0,75,190.0,79.25,7,3080921,46394100
1642843,Cooper Flagg,19.0,81,205.0,84.0,0,1272870,38661750
1630557,Corey Kispert,27.0,78,224.0,79.0,4,2461463,38661750
1642504,Cormac Ryan,27.0,77,205.0,81.03561134118651,0,1272870,38661750
1641854,Craig Porter Jr.,26.0,73,180.0,77.09916473481965,2,2296274,38661750
1642938,Curtis Jones,24.0,75,195.0,79.06738803800309,0,1272870,38661750
1626156,D'Angelo Russell,30.0,75,193.0,81.75,10,3634153,54126450
1629610,DaQuan Jeffries,28.0,77,222.0,83.25,6,2874436,38661750
1641747,DaRon Holmes II,23.0,81,225.0,84.5,1,2048494,38661750
1631342,Daeqwon Plowden,27.0,76,216.0,80.05149968959479,1,2048494,38661750
1630625,Dalano Banton,26.0,80,203.0,83.98794629596165,4,2461463,38661750
1631207,Dalen Terry,23.0,78,210.0,84.75,3,2378870,38661750
1642261,Dalton Knecht,25.0,78,215.0,81.0,1,2048494,38661750
1629655,Daniel Gafford,27.0,82,265.0,86.5,6,2874436,38661750
1642450,Daniss Jenkins,24.0,76,165.0,80.05149968959479,1,2048494,38661750
1642874,Danny Wolf,22.0,83,250.0,86.25,0,1272870,38661750
203967,Dario Saric,32.0,82,225.0,85.95616959914507,9,3303774,46394100
1641727,Dariq Whitehead,21.0,78,220.0,82.25,2,2296274,38661750
1642468,Darius Brown,26.0,74,192.0,78.08327638641137,0,1272870,38661750
1629636,Darius Garland,26.0,73,192.0,77.09916473481965,6,2874436,38661750
1642357,David Jones Garcia,24.0,76,210.0,78.75,0,1272870,38661750
1631223,David Roddy,25.0,77,255.0,83.5,3,2378870,38661750
1630558,Davion Mitchell,27.0,72,202.0,76.25,4,2461463,38661750
1630549,Day'Ron Sharpe,24.0,82,265.0,85.95616959914507,4,2461463,38661750
1628368,De'Aaron Fox,28.0,75,185.0,78.5,8,3287409,46394100
1629631,De'Andre Hunter,28.0,79,221.0,83.00383464436993,6,2874436,38661750
1629001,De'Anthony Melton,28.0,74,200.0,80.5,7,3080921,46394100
201599,DeAndre Jordan,37.0,83,265.0,90.0,17,3634153,54126450
1630610,DeJon Jarreau,28.0,77,185.0,81.03561134118651,4,2461463,38661750
201942,DeMar DeRozan,36.0,78,220.0,81.0,16,3634153,54126450
1629731,Dean Wade,29.0,81,228.0,84.97205794755335,6,2874436,38661750
1629028,Deandre Ayton,27.0,84,252.0,87.92439290232849,7,3080921,46394100
1627749,Dejounte Murray,29.0,76,180.0,80.05149968959479,9,3303774,46394100
1630166,Deni Avdija,25.0,80,228.0,83.98794629596165,5,2667944,38661750
203471,Dennis Schröder,32.0,73,175.0,79.75,12,3634153,54126450
1641726,Dereck Lively II,22.0,85,230.0,88.9085045539202,2,2296274,38661750
1642852,Derik Queen,21.0,81,250.0,84.5,0,1272870,38661750
1627884,Derrick Jones Jr.,29.0,78,210.0,82.01972299277821,9,3303774,46394100
1628401,Derrick White,31.0,76,190.0,79.5,8,3287409,46394100
1630217,Desmond Bane,27.0,78,215.0,82.01972299277821,5,2667944,38661750
1626164,Devin Booker,29.0,77,206.0,80.25,10,3634153,54126450
1642269,Devin Carter,24.0,74,195.0,80.75,1,2048494,38661750
1630170,Devin Vassell,25.0,77,200.0,81.03561134118651,5,2667944,38661750
1628415,Dillon Brooks,30.0,79,225.0,78.0,8,3287409,46394100
1641794,Dillon Jones,24.0,77,235.0,83.0,1,2048494,38661750
1627734,Domantas Sabonis,30.0,82,240.0,85.95616959914507,9,3303774,46394100
1631230,Dominick Barlow,23.0,81,224.0,87.0,3,2378870,38661750
1642270,Donovan Clingan,22.0,86,280.0,90.75,1,2048494,38661750
1628378,Donovan Mitchell,29.0,74,215.0,82.0,8,3287409,46394100
1628978,Donte DiVincenzo,29.0,76,203.0,78.0,7,3080921,46394100
1627827,Dorian Finney-Smith,33.0,79,220.0,83.75,9,3303774,46394100
203926,Doug McDermott,34.0,79,225.0,81.25,11,3634153,54126450
1642962,Drake Powell,20.0,77,195.0,84.0,0,1272870,38661750
203110,Draymond Green,36.0,78,230.0,85.25,13,3634153,54126450
1629234,Drew Eubanks,29.0,82,245.0,85.95616959914507,7,3080921,46394100
1641809,Drew Peterson,26.0,80,205.0,83.98794629596165,2,2296274,38661750
1631166,Drew Timme,25.0,81,235.0,85.75,1,2048494,38661750
1630696,Dru Smith,28.0,74,203.0,78.08327638641137,3,2378870,38661750
1629130,Duncan Robinson,32.0,79,215.0,83.00383464436993,7,3080921,46394100
1641871,Duop Reath,29.0,81,245.0,84.97205794755335,2,2296274,38661750
203939,Dwight Powell,34.0,82,240.0,84.5,11,3634153,54126450
1642928,Dylan Cardwell,24.0,82,255.0,85.95616959914507,0,1272870,38661750
1642844,Dylan Harper,20.0,77,215.0,82.5,0,1272870,38661750
1630700,Dyson Daniels,23.0,79,199.0,82.5,3,2378870,38661750
1630604,E.J. Liddell,25.0,78,240.0,83.75,3,2378870,38661750
1642856,Egor Dëmin,20.0,80,200.0,82.25,0,1272870,38661750
1641989,Elijah Harkless,26.0,75,195.0,79.06738803800309,1,2048494,38661750
1641801,Emanuel Miller,25.0,77,215.0,81.03561134118651,1,2048494,38661750
1642402,Enrique Freeman,25.0,81,220.0,86.0,1,2048494,38661750
201569,Eric Gordon,37.0,75,215.0,81.0,17,3634153,54126450
1630679,Ethan Thompson,27.0,76,195.0,80.05149968959479,1,2048494,38661750
1630596,Evan Mobley,24.0,83,215.0,86.94028125073677,4,2461463,38661750
1630532,Franz Wagner,24.0,82,220.0,85.95616959914507,4,2461463,38661750
1641713,GG Jackson,21.0,81,210.0,83.5,2,2296274,38661750
1629216,Gabe Vincent,29.0,74,200.0,78.08327638641137,6,2874436,38661750
202066,Garrett Temple,40.0,77,195.0,81.03561134118651,16,3634153,54126450
1629726,Garrison Mathews,29.0,77,215.0,81.03561134118651,6,2874436,38661750
203914,Gary Harris,31.0,76,210.0,78.75,11,3634153,54126450
1627780,Gary Payton II,33.0,74,195.0,80.0,9,3303774,46394100
1629018,Gary Trent Jr.,27.0,77,204.0,80.75,7,3080921,46394100
203507,Giannis Antetokounmpo,31.0,83,243.0,86.94028125073677,12,3634153,54126450
1629048,Goga Bitadze,26.0,83,250.0,86.94028125073677,6,2874436,38661750
1641711,Gradey Dick,22.0,79,200.0,80.75,2,2296274,38661750
1641761,Grant Nelson,24.0,84,215.0,84.0,0,1272870,38661750
1629684,Grant Williams,27.0,79,236.0,81.75,6,2874436,38661750
1628960,Grayson Allen,30.0,75,198.0,79.25,7,3080921,46394100
1627824,Guerschon Yabusele,30.0,79,265.0,83.00383464436993,8,3287409,46394100
1630611,Gui Santos,23.0,79,185.0,83.00383464436993,2,2296274,38661750
203084,Harrison Barnes,34.0,79,225.0,83.25,13,3634153,54126450
1631127,Harrison Ingram,23.0,77,230.0,84.25,1,2048494,38661750
1643060,Hayden Gray,23.0,76,190.0,80.05149968959479,0,1272870,38661750
1629312,Haywood Highsmith,29.0,77,220.0,81.03561134118651,7,3080921,46394100
1630529,Herbert Jones,27.0,79,206.0,84.25,4,2461463,38661750
1642864,Hugo González,20.0,78,200.0,82.75,0,1272870,38661750
1630621,Hunter Dickinson,25.0,85,255.0,88.9085045539202,0,1272870,38661750
1642282,Hunter Sallis,23.0,76,185.0,81.75,0,1272870,38661750
1641816,Hunter Tyson,25.0,80,215.0,83.98794629596165,2,2296274,38661750
1630193,Immanuel Quickley,26.0,74,190.0,80.25,5,2667944,38661750
1642403,Isaac Jones,25.0,80,245.0,87.0,1,2048494,38661750
1630171,Isaac Okoro,25.0,76,225.0,80.05149968959479,5,2667944,38661750
1642268,Isaiah Collier,21.0,76,210.0,76.75,1,2048494,38661750
1642384,Isaiah Crawford,24.0,78,220.0,82.01972299277821,1,2048494,38661750
1628392,Isaiah Hartenstein,28.0,84,250.0,87.92439290232849,7,3080921,46394100
1630543,Isaiah Jackson,24.0,80,205.0,83.98794629596165,4,2461463,38661750
1630198,Isaiah Joe,26.0,76,165.0,79.5,5,2667944,38661750
1630587,Isaiah Livers,27.0,78,232.0,81.25,4,2461463,38661750
1641815,Isaiah Stevens,25.0,71,185.0,75.13094143163623,1,2048494,38661750
1630191,Isaiah Stewart,25.0,80,250.0,88.75,5,2667944,38661750
1627826,Ivica Zubac,29.0,84,240.0,87.92439290232849,9,3303774,46394100
1631120,JD Davison,23.0,73,195.0,78.5,3,2378870,38661750
1629630,Ja Morant,26.0,74,174.0,78.08327638641137,6,2874436,38661750
1642266,Ja'Kobe Walter,21.0,76,180.0,82.0,1,2048494,38661750
1631095,Jabari Smith Jr.,23.0,83,220.0,86.94028125073677,3,2378870,38661750
1631133,Jabari Walker,23.0,79,237.0,82.75,3,2378870,38661750
1631210,Jacob Toppin,26.0,81,200.0,84.97205794755335,2,2296274,38661750
1630702,Jaden Hardy,23.0,75,198.0,79.06738803800309,3,2378870,38661750
1631093,Jaden Ivey,24.0,75,195.0,79.06738803800309,3,2378870,38661750
1630183,Jaden McDaniels,25.0,81,185.0,84.97205794755335,5,2667944,38661750
1630256,Jae'Sean Tate,30.0,76,230.0,80.05149968959479,5,2667944,38661750
1642942,Jahmai Mashack,23.0,76,203.0,80.05149968959479,0,1272870,38661750
1642443,Jahmir Young,25.0,72,185.0,76.11505308322795,1,2048494,38661750
1643141,Jahmyl Telfort,25.0,79,,83.00383464436993,0,1272870,38661750
1631170,Jaime Jaquez Jr.,25.0,78,225.0,81.5,2,2296274,38661750
1631222,Jake LaRavia,24.0,79,235.0,81.5,3,2378870,38661750
1627751,Jakob Poeltl,30.0,84,253.0,86.75,9,3303774,46394100
1628973,Jalen Brunson,29.0,74,190.0,76.0,7,3080921,46394100
1631105,Jalen Duren,22.0,82,250.0,85.95616959914507,3,2378870,38661750
1630224,Jalen Green,24.0,76,186.0,80.05149968959479,4,2461463,38661750
1630552,Jalen Johnson,24.0,80,219.0,84.25,4,2461463,38661750
1629618,Jalen Pickett,26.0,74,202.0,79.25,2,2296274,38661750
1641771,Jalen Slawson,26.0,79,215.0,83.75,2,2296274,38661750
1630188,Jalen Smith,26.0,80,244.0,86.25,5,2667944,38661750
1630591,Jalen Suggs,24.0,77,205.0,81.03561134118651,4,2461463,38661750
1631114,Jalen Williams,25.0,77,211.0,86.25,3,2378870,38661750
1630592,Jalen Wilson,25.0,78,220.0,80.0,2,2296274,38661750
1631288,Jamal Cain,27.0,79,191.0,83.00383464436993,3,2378870,38661750
1627750,Jamal Murray,29.0,76,215.0,80.05149968959479,9,3303774,46394100
1642347,Jamal Shead,23.0,73,200.0,75.0,1,2048494,38661750
1631123,Jamaree Bouyea,26.0,74,180.0,78.08327638641137,3,2378870,38661750
201935,James Harden,36.0,77,220.0,82.75,16,3634153,54126450
1630164,James Wiseman,25.0,83,240.0,86.94028125073677,5,2667944,38661750
1642364,Jamir Watkins,24.0,78,210.0,82.75,0,1272870,38661750
1642419,Jamison Battle,25.0,79,220.0,83.00383464436993,1,2048494,38661750
1641716,Jarace Walker,22.0,79,235.0,86.5,2,2296274,38661750
1642272,Jared McCain,22.0,75,195.0,75.5,1,2048494,38661750
1628991,Jaren Jackson Jr.,26.0,82,242.0,89.25,7,3080921,46394100
1629020,Jarred Vanderbilt,27.0,80,214.0,83.98794629596165,7,3080921,46394100
1628386,Jarrett Allen,28.0,81,243.0,89.25,8,3287409,46394100
1642859,Jase Richardson,20.0,73,180.0,78.0,0,1272870,38661750
1642914,Javon Small,23.0,73,190.0,76.75,0,1272870,38661750
1631451,Javonte Cooke,26.0,78,185.0,82.01972299277821,0,1272870,38661750
1629750,Javonte Green,32.0,77,205.0,81.03561134118651,6,2874436,38661750
1629637,Jaxson Hayes,26.0,84,220.0,87.5,6,2874436,38661750
1630643,Jay Huff,28.0,85,240.0,88.9085045539202,4,2461463,38661750
1627759,Jaylen Brown,29.0,78,223.0,83.75,9,3303774,46394100
1641740,Jaylen Clark,24.0,77,205.0,81.0,2,2296274,38661750
1642377,Jaylen Wells,22.0,79,,79.25,1,2048494,38661750
1631119,Jaylin Williams,23.0,81,240.0,85.0,3,2378870,38661750
1642281,Jaylon Tyson,23.0,78,215.0,80.0,1,2048494,38661750
1643257,Jayson Kent,24.0,80,215.0,83.98794629596165,0,1272870,38661750
1628369,Jayson Tatum,28.0,80,210.0,83.98794629596165,8,3287409,46394100
201145,Jeff Green,39.0,80,235.0,85.25,18,3634153,54126450
203924,Jerami Grant,32.0,79,213.0,86.75,11,3634153,54126450
1642847,Jeremiah Fears,19.0,75,190.0,77.25,0,1272870,38661750
1630526,Jeremiah Robinson-Earl,25.0,81,240.0,81.75,4,2461463,38661750
1631110,Jeremy Sochan,23.0,80,230.0,83.98794629596165,3,2378870,38661750
1630579,Jericho Sims,27.0,82,250.0,87.25,4,2461463,38661750
1641724,Jett Howard,22.0,80,215.0,83.98794629596165,2,2296274,38661750
1628975,Jevon Carter,30.0,72,190.0,76.25,7,3080921,46394100
202710,Jimmy Butler III,36.0,78,230.0,79.5,14,3634153,54126450
1642866,Joan Beringer,19.0,83,230.0,88.5,0,1272870,38661750
1629111,Jock Landale,30.0,83,255.0,86.94028125073677,4,2461463,38661750
204060,Joe Ingles,38.0,80,220.0,83.98794629596165,11,3634153,54126450
203954,Joel Embiid,32.0,84,270.0,87.92439290232849,11,3634153,54126450
1628381,John Collins,28.0,81,226.0,83.25,8,3287409,46394100
1629723,John Konchar,30.0,77,210.0,81.03561134118651,6,2874436,38661750
1642967,John Poulakidas,23.0,78,205.0,82.01972299277821,0,1272870,38661750
1642910,John Tonje,25.0,76,218.0,81.0,0,1272870,38661750
1641780,Johni Broome,23.0,81,244.0,84.25,0,1272870,38661750
1642277,Johnny Furphy,21.0,80,200.0,80.0,1,2048494,38661750
1630548,Johnny Juzang,25.0,79,226.0,82.5,3,2378870,38661750
202685,Jonas Valančiūnas,34.0,83,265.0,86.94028125073677,13,3634153,54126450
1628371,Jonathan Isaac,28.0,82,230.0,85.95616959914507,8,3287409,46394100
1630228,Jonathan Kuminga,23.0,79,225.0,83.00383464436993,4,2461463,38661750
1642367,Jonathan Mogbo,24.0,81,225.0,86.0,1,2048494,38661750
203903,Jordan Clarkson,33.0,77,194.0,80.0,11,3634153,54126450
1630692,Jordan Goodwin,27.0,75,215.0,79.06738803800309,4,2461463,38661750
1641722,Jordan Hawkins,24.0,77,190.0,78.75,2,2296274,38661750
1629162,Jordan McLaughlin,30.0,71,185.0,75.13094143163623,6,2874436,38661750
1641757,Jordan Miller,26.0,77,194.0,83.75,2,2296274,38661750
1629673,Jordan Poole,26.0,76,194.0,78.75,6,2874436,38661750
1641775,Jordan Walsh,22.0,78,205.0,85.75,2,2296274,38661750
1630631,Jose Alvarado,28.0,72,179.0,76.11505308322795,4,2461463,38661750
1630581,Josh Giddey,23.0,79,214.0,83.00383464436993,4,2461463,38661750
1630182,Josh Green,25.0,78,200.0,81.75,5,2667944,38661750
1628404,Josh Hart,31.0,77,215.0,80.25,8,3287409,46394100
1631169,Josh Minott,23.0,80,205.0,83.98794629596165,3,2378870,38661750
1642490,Josh Oduro,25.0,81,240.0,84.97205794755335,0,1272870,38661750
1629006,Josh Okogie,27.0,76,213.0,84.0,7,3080921,46394100
201950,Jrue Holiday,35.0,76,220.0,79.0,16,3634153,54126450
1630577,Julian Champagnie,24.0,79,217.0,82.0,3,2378870,38661750
1641763,Julian Phillips,22.0,78,201.0,83.5,2,2296274,38661750
1642882,Julian Reese,22.0,81,230.0,84.97205794755335,0,1272870,38661750
1631124,Julian Strawther,24.0,78,205.0,81.25,2,2296274,38661750
203944,Julius Randle,31.0,81,250.0,84.0,11,3634153,54126450
1630551,Justin Champagnie,24.0,78,206.0,81.5,4,2461463,38661750
1642348,Justin Edwards,22.0,79,217.0,82.0,1,2048494,38661750
203994,Jusuf Nurkić,31.0,83,290.0,86.94028125073677,11,3634153,54126450
1642354,KJ Simpson,23.0,74,189.0,76.5,1,2048494,38661750
1642955,Kadary Richmond,24.0,78,205.0,82.01972299277821,0,1272870,38661750
1642880,Kam Jones,24.0,76,200.0,78.0,0,1272870,38661750
1626157,Karl-Anthony Towns,30.0,84,248.0,87.92439290232849,10,3634153,54126450
1631255,Karlo Matković,25.0,82,231.0,85.95616959914507,1,2048494,38661750
1642857,Kasparas Jakučionis,20.0,77,200.0,79.75,0,1272870,38661750
202695,Kawhi Leonard,34.0,78,225.0,87.0,14,3634153,54126450
1630811,Keaton Wallace,27.0,75,185.0,79.06738803800309,1,2048494,38661750
1631099,Keegan Murray,25.0,80,225.0,83.98794629596165,3,2378870,38661750
1642276,Kel'el Ware,22.0,84,230.0,88.5,1,2048494,38661750
1629640,Keldon Johnson,26.0,78,220.0,81.25,6,2874436,38661750
203482,Kelly Olynyk,35.0,84,240.0,81.75,12,3634153,54126450
1626162,Kelly Oubre Jr.,30.0,80,210.0,86.25,10,3634153,54126450
1631113,Kennedy Chandler,23.0,72,170.0,77.25,3,2378870,38661750
1629026,Kenrich Williams,31.0,79,210.0,79.25,7,3080921,46394100
203484,Kentavious Caldwell-Pope,33.0,77,204.0,80.0,12,3634153,54126450
1631165,Keon Ellis,26.0,76,175.0,80.5,3,2378870,38661750
1642352,Keshad Johnson,24.0,78,225.0,82.25,1,2048494,38661750
1642933,Keshon Gilbert,22.0,76,200.0,80.05149968959479,0,1272870,38661750
201142,Kevin Durant,37.0,83,240.0,88.75,18,3634153,54126450
1628989,Kevin Huerter,27.0,78,190.0,79.5,7,3080921,46394100
201567,Kevin Love,37.0,82,251.0,83.25,17,3634153,54126450
1641755,Kevin McCullar Jr.,25.0,78,210.0,81.0,1,2048494,38661750
1629645,Kevin Porter Jr.,26.0,77,203.0,81.0,6,2874436,38661750
1626172,Kevon Looney,30.0,81,222.0,87.5,10,3634153,54126450
1641718,Keyonte George,22.0,76,185.0,80.05149968959479,2,2296274,38661750
1642863,Khaman Maluach,19.0,85,250.0,90.75,0,1272870,38661750
203114,Khris Middleton,34.0,79,222.0,82.75,13,3634153,54126450
1630165,Killian Hayes,24.0,76,195.0,80.05149968959479,5,2667944,38661750
202691,Klay Thompson,36.0,77,220.0,81.0,14,3634153,54126450
1641738,Kobe Brown,26.0,79,250.0,84.75,2,2296274,38661750
1641723,Kobe Bufkin,22.0,76,195.0,79.75,2,2296274,38661750
1642920,Kobe Sanders,24.0,80,207.0,80.25,0,1272870,38661750
1642886,Koby Brea,23.0,77,215.0,77.25,0,1272870,38661750
1642851,Kon Knueppel,20.0,78,215.0,78.25,0,1272870,38661750
1627739,Kris Dunn,32.0,75,205.0,81.5,9,3303774,46394100
1631200,Kris Murray,25.0,80,218.0,83.75,2,2296274,38661750
204001,Kristaps Porziņģis,30.0,86,240.0,89.89261620551191,10,3634153,54126450
203937,Kyle Anderson,32.0,80,230.0,86.75,11,3634153,54126450
1642271,Kyle Filipowski,22.0,83,250.0,82.5,1,2048494,38661750
1628398,Kyle Kuzma,30.0,80,221.0,84.25,8,3287409,46394100
200768,Kyle Lowry,40.0,72,196.0,76.11505308322795,19,3634153,54126450
1642273,Kyshawn George,22.0,80,200.0,82.25,1,2048494,38661750
1643018,LJ Cryer,24.0,72,,76.11505308322795,0,1272870,38661750
1630163,LaMelo Ball,24.0,79,180.0,83.00383464436993,5,2667944,38661750
1642950,Lachlan Olbrich,22.0,80,236.0,83.25,0,1272870,38661750
1629013,Landry Shamet,29.0,77,190.0,78.75,7,3080921,46394100
1626204,Larry Nance Jr.,33.0,78,245.0,82.01972299277821,10,3634153,54126450
1628374,Lauri Markkanen,29.0,85,240.0,88.9085045539202,8,3287409,46394100
1643133,Lawson Lovering,23.0,84,,87.92439290232849,0,1272870,38661750
2544,LeBron James,41.0,81,250.0,84.25,22,3634153,54126450
1641778,Leaky Black,26.0,78,209.0,82.01972299277821,2,2296274,38661750
1631159,Leonard Miller,22.0,82,220.0,86.0,2,2296274,38661750
1642862,Liam McNeeley,20.0,79,210.0,80.5,0,1272870,38661750
1630322,Lindy Waters III,28.0,77,210.0,81.03561134118651,4,2461463,38661750
1628366,Lonzo Ball,28.0,77,190.0,81.03561134118651,8,3287409,46394100
1631351,Lucas Williamson,27.0,76,205.0,80.05149968959479,0,1272870,38661750
1629652,Luguentz Dort,27.0,76,220.0,80.5,6,2874436,38661750
1629029,Luka Dončić,27.0,80,230.0,83.98794629596165,7,3080921,46394100
1630568,Luka Garza,27.0,82,243.0,85.5,4,2461463,38661750
1628379,Luke Kennard,29.0,77,206.0,77.25,8,3287409,46394100
1628436,Luke Kornet,30.0,85,250.0,88.9085045539202,8,3287409,46394100
1631247,Luke Travers,24.0,78,207.0,82.01972299277821,1,2048494,38661750
1630644,Mac McClung,27.0,74,185.0,78.08327638641137,4,2461463,38661750
1641869,Malachi Smith,26.0,76,205.0,80.05149968959479,0,1272870,38661750
1631103,Malaki Branham,23.0,76,180.0,82.0,3,2378870,38661750
1642502,Malevy Leons,26.0,81,210.0,84.97205794755335,1,2048494,38661750
1628370,Malik Monk,28.0,75,200.0,79.06738803800309,8,3287409,46394100
1630699,MarJon Beauchamp,25.0,79,199.0,84.75,3,2378870,38661750
1631204,Marcus Sasser,25.0,73,195.0,79.0,2,2296274,38661750
203935,Marcus Smart,32.0,75,220.0,81.25,11,3634153,54126450
1641813,Mark Sears,24.0,72,185.0,74.0,0,1272870,38661750
1631109,Mark Williams,24.0,85,240.0,90.5,3,2378870,38661750
1628365,Markelle Fultz,28.0,76,209.0,80.05149968959479,8,3287409,46394100
1628963,Marvin Bagley III,27.0,82,235.0,85.95616959914507,7,3080921,46394100
203486,Mason Plumlee,36.0,84,254.0,83.0,12,3634153,54126450
1641824,Matas Buzelis,21.0,80,196.0,82.0,1,2048494,38661750
1629680,Matisse Thybulle,29.0,77,202.0,81.03561134118651,6,2874436,38661750
1631108,Max Christie,23.0,77,190.0,80.75,3,2378870,38661750
1642917,Max Shulga,23.0,76,210.0,77.75,0,1272870,38661750
1629622,Max Strus,30.0,77,215.0,81.03561134118651,6,2874436,38661750
1628467,Maxi Kleber,34.0,82,240.0,85.95616959914507,8,3287409,46394100
1642875,Maxime Raynaud,23.0,85,250.0,85.25,0,1272870,38661750
1642877,Micah Peavy,24.0,79,215.0,79.25,0,1272870,38661750
1630695,Micah Potter,28.0,81,248.0,84.97205794755335,4,2461463,38661750
1629008,Michael Porter Jr.,27.0,82,218.0,84.25,7,3080921,46394100
1628969,Mikal Bridges,29.0,78,209.0,82.01972299277821,7,3080921,46394100
201144,Mike Conley,38.0,73,175.0,77.75,18,3634153,54126450
1628970,Miles Bridges,28.0,79,225.0,81.5,7,3080921,46394100
1642939,Miles Kelly,23.0,76,190.0,80.05149968959479,0,1272870,38661750
1630540,Miles McBride,25.0,74,195.0,80.75,4,2461463,38661750
1629011,Mitchell Robinson,28.0,84,240.0,87.92439290232849,7,3080921,46394100
1628964,Mo Bamba,28.0,84,231.0,94.0,7,3080921,46394100
1642885,Mohamed Diawara,21.0,81,225.0,84.97205794755335,0,1272870,38661750
1628420,Monte Morris,30.0,74,183.0,76.0,8,3287409,46394100
1629021,Moritz Wagner,29.0,83,245.0,84.0,7,3080921,46394100
1630541,Moses Moody,24.0,77,211.0,84.75,4,2461463,38661750
1631338,Mouhamadou Gueye,27.0,81,210.0,84.97205794755335,2,2296274,38661750
1631243,Mouhamed Gueye,23.0,83,210.0,87.25,2,2296274,38661750
1630619,Moussa Cisse,23.0,83,220.0,86.94028125073677,0,1272870,38661750
1631217,Moussa Diabaté,24.0,82,210.0,86.5,3,2378870,38661750
1626167,Myles Turner,30.0,83,250.0,88.0,10,3634153,54126450
1642066,Myron Gardner,25.0,77,220.0,81.03561134118651,0,1272870,38661750
1642368,N'Faly Dante,24.0,83,230.0,90.0,1,2048494,38661750
1641772,Nae'Qwan Tomlin,25.0,80,210.0,86.5,1,2048494,38661750
1630230,Naji Marshall,28.0,78,220.0,84.75,5,2667944,38661750
1631466,Nate Williams,27.0,77,205.0,81.03561134118651,3,2378870,38661750
1629675,Naz Reid,26.0,81,264.0,87.25,6,2874436,38661750
1629674,Neemias Queta,26.0,84,248.0,88.0,4,2461463,38661750
1629651,Nic Claxton,27.0,83,215.0,86.5,6,2874436,38661750
1630208,Nick Richards,28.0,83,245.0,86.25,5,2667944,38661750
1641733,Nick Smith Jr.,22.0,74,185.0,78.08327638641137,2,2296274,38661750
1629638,Nickeil Alexander-Walker,27.0,77,205.0,81.5,6,2874436,38661750
201587,Nicolas Batum,37.0,79,230.0,83.00383464436993,17,3634153,54126450
1628502,Nigel Hayes-Davis,31.0,79,254.0,87.0,8,3287409,46394100
203999,Nikola Jokić,31.0,83,284.0,86.94028125073677,10,3634153,54126450
1631107,Nikola Jović,22.0,82,205.0,84.25,3,2378870,38661750
1642260,Nikola Topić,20.0,78,200.0,77.5,1,2048494,38661750
202696,Nikola Vučević,35.0,81,265.0,88.5,14,3634153,54126450
1642363,Nique Clifford,24.0,77,175.0,80.0,0,1272870,38661750
1642855,Noa Essengue,19.0,80,194.0,85.0,0,1272870,38661750
1641730,Noah Clowney,21.0,82,210.0,85.95616959914507,2,2296274,38661750
1642869,Noah Penda,21.0,79,215.0,83.5,0,1272870,38661750
1642849,Nolan Traore,20.0,75,185.0,80.0,0,1272870,38661750
1641807,Norchad Omier,24.0,79,248.0,83.00383464436993,0,1272870,38661750
1626181,Norman Powell,33.0,75,215.0,82.75,10,3634153,54126450
1628384,OG Anunoby,28.0,79,240.0,86.25,8,3287409,46394100
1630167,Obi Toppin,28.0,81,220.0,84.97205794755335,5,2667944,38661750
1630534,Ochai Agbaji,26.0,77,215.0,82.0,3,2378870,38661750
1630846,Olivier Sarr,27.0,82,240.0,85.95616959914507,4,2461463,38661750
1641765,Olivier-Maxence Prosper,23.0,79,230.0,85.0,2,2296274,38661750
1630209,Omer Yurtseven,27.0,83,275.0,86.94028125073677,5,2667944,38661750
1630168,Onyeka Okongwu,25.0,82,240.0,85.95616959914507,5,2667944,38661750
1631115,Orlando Robinson,25.0,82,235.0,88.0,3,2378870,38661750
1631131,Oscar Tshiebwe,26.0,80,255.0,87.5,2,2296274,38661750
1642345,Oso Ighodaro,23.0,83,235.0,83.0,1,2048494,38661750
1631172,Ousmane Dieng,23.0,81,185.0,84.97205794755335,3,2378870,38661750
1629023,P.J. Washington,27.0,79,230.0,86.5,6,2874436,38661750
1641790,PJ Hall,24.0,80,245.0,85.5,1,2048494,38661750
1642359,Pacôme Dadiet,20.0,81,210.0,81.0,1,2048494,38661750
1631094,Paolo Banchero,23.0,82,250.0,85.95616959914507,3,2378870,38661750
1627783,Pascal Siakam,32.0,80,245.0,87.25,9,3303774,46394100
1626192,Pat Connaughton,33.0,77,209.0,80.0,10,3634153,54126450
1630311,Pat Spencer,29.0,74,205.0,78.08327638641137,2,2296274,38661750
1631116,Patrick Baldwin Jr.,23.0,84,220.0,85.75,3,2378870,38661750
1630172,Patrick Williams,24.0,78,235.0,82.01972299277821,5,2667944,38661750
202331,Paul George,36.0,80,230.0,83.25,15,3634153,54126450
1630194,Paul Reed,26.0,81,210.0,86.0,5,2667944,38661750
1630202,Payton Pritchard,28.0,73,195.0,77.09916473481965,5,2667944,38661750
1642362,Payton Sandfort,23.0,79,215.0,80.0,0,1272870,38661750
1641796,Pelle Larsson,25.0,77,215.0,79.5,1,2048494,38661750
1631250,Pete Nance,26.0,81,225.0,84.97205794755335,2,2296274,38661750
1631212,Peyton Watson,23.0,80,200.0,84.5,3,2378870,38661750
1630173,Precious Achiuwa,26.0,80,243.0,84.75,5,2667944,38661750
1629656,Quentin Grimes,26.0,77,207.0,79.75,4,2461463,38661750
1631245,Quenton Jackson,27.0,76,173.0,80.05149968959479,3,2378870,38661750
1642366,Quinten Post,26.0,84,238.0,86.5,1,2048494,38661750
1629628,RJ Barrett,25.0,78,214.0,82.01972299277821,6,2874436,38661750
1642853,Rasheer Fleming,21.0,81,240.0,89.25,0,1272870,38661750
1642484,RayJ Dennis,25.0,73,180.0,77.09916473481965,1,2048494,38661750
1641712,Rayan Rupert,22.0,79,205.0,86.0,2,2296274,38661750
1642263,Reed Sheppard,21.0,74,185.0,75.25,1,2048494,38661750
1642434,Riley Minix,25.0,79,230.0,83.00383464436993,1,2048494,38661750
1642265,Rob Dillingham,21.0,74,175.0,75.0,1,2048494,38661750
1629057,Robert Williams III,28.0,81,249.0,84.97205794755335,7,3080921,46394100
1642911,Rocco Zikarsky,19.0,87,227.0,88.75,0,1272870,38661750
1631199,Ron Harper Jr.,26.0,77,233.0,85.25,3,2378870,38661750
1641842,Ronald Holland II,20.0,80,206.0,82.75,1,2048494,38661750
1626220,Royce O'Neale,32.0,78,226.0,82.01972299277821,8,3287409,46394100
203497,Rudy Gobert,33.0,85,258.0,92.5,12,3634153,54126450
1629060,Rui Hachimura,28.0,80,230.0,83.98794629596165,6,2874436,38661750
201566,Russell Westbrook,37.0,76,200.0,79.75,17,3634153,54126450
1642346,Ryan Dunn,23.0,79,216.0,85.5,1,2048494,38661750
1641750,Ryan Kalkbrenner,24.0,85,256.0,89.0,0,1272870,38661750
1642948,Ryan Nembhard,23.0,71,180.0,74.25,0,1272870,38661750
1631157,Ryan Rollins,23.0,75,180.0,81.75,3,2378870,38661750
1630180,Saddiq Bey,27.0,80,215.0,83.98794629596165,5,2667944,38661750
1630573,Sam Hauser,28.0,79,217.0,81.25,4,2461463,38661750
1630241,Sam Merrill,30.0,76,205.0,80.05149968959479,5,2667944,38661750
1630572,Sandro Mamukelashvili,27.0,81,240.0,85.25,4,2461463,38661750
1630583,Santi Aldama,25.0,84,215.0,87.92439290232849,4,2461463,38661750
1630703,Scoot Henderson,22.0,75,207.0,79.06738803800309,2,2296274,38661750
1630567,Scottie Barnes,24.0,80,237.0,86.75,4,2461463,38661750
1630590,Scotty Pippen Jr.,25.0,74,170.0,77.75,3,2378870,38661750
1642951,Sean Pedulla,23.0,73,195.0,77.09916473481965,0,1272870,38661750
203552,Seth Curry,35.0,73,185.0,76.0,12,3634153,54126450
1631101,Shaedon Sharpe,23.0,77,210.0,83.5,3,2378870,38661750
1628983,Shai Gilgeous-Alexander,27.0,78,195.0,83.5,7,3080921,46394100
1630536,Sharife Cooper,24.0,72,176.0,76.11505308322795,4,2461463,38661750
1631321,Sidy Cissoko,22.0,78,220.0,81.75,2,2296274,38661750
1631323,Simone Fontecchio,30.0,79,209.0,83.00383464436993,3,2378870,38661750
1642883,Sion James,23.0,77,220.0,78.5,0,1272870,38661750
1627746,Skal Labissiere,30.0,82,235.0,86.5,9,3303774,46394100
1642461,Spencer Jones,24.0,79,225.0,83.00383464436993,1,2048494,38661750
1630649,Stanley Umude,27.0,78,210.0,82.01972299277821,3,2378870,38661750
201939,Stephen Curry,38.0,74,185.0,75.5,16,3634153,54126450
1642264,Stephon Castle,21.0,78,215.0,81.0,1,2048494,38661750
203500,Steven Adams,32.0,83,265.0,88.5,12,3634153,54126450
1629004,Svi Mykhailiuk,28.0,79,205.0,76.75,7,3080921,46394100
204456,T.J. McConnell,34.0,73,190.0,74.0,10,3634153,54126450
1643007,Taelon Peter,24.0,75,185.0,79.06738803800309,0,1272870,38661750
201959,Taj Gibson,40.0,81,232.0,88.0,16,3634153,54126450
1631106,Tari Eason,25.0,80,215.0,86.0,3,2378870,38661750
1627752,Taurean Prince,32.0,78,218.0,83.5,9,3303774,46394100
1641707,Taylor Hendricks,22.0,81,215.0,84.5,2,2296274,38661750
1629611,Terance Mann,29.0,78,215.0,79.75,6,2874436,38661750
1630545,Terrence Shannon Jr.,25.0,78,215.0,80.0,1,2048494,38661750
203648,Thanasis Antetokounmpo,33.0,79,219.0,84.0,10,3634153,54126450
1628418,Thomas Bryant,28.0,81,248.0,90.0,8,3287409,46394100
1642275,Tidjane Salaün,20.0,82,207.0,85.5,1,2048494,38661750
203501,Tim Hardaway Jr.,34.0,77,205.0,79.0,12,3634153,54126450
202699,Tobias Harris,33.0,80,226.0,83.0,14,3634153,54126450
1643253,Toby Okani,24.0,80,210.0,83.98794629596165,0,1272870,38661750
1642449,Tolu Smith,25.0,83,,86.94028125073677,1,2048494,38661750
1628396,Tony Bradley,28.0,82,248.0,89.0,8,3287409,46394100
1641787,Tosan Evbuomwan,25.0,80,217.0,83.98794629596165,2,2296274,38661750
1641739,Toumani Camara,26.0,79,230.0,84.5,2,2296274,38661750
1629027,Trae Young,27.0,74,164.0,75.0,7,3080921,46394100
1631218,Trayce Jackson-Davis,26.0,81,245.0,85.0,2,2296274,38661750
1642848,Tre Johnson,20.0,77,190.0,82.25,0,1272870,38661750
1630200,Tre Jones,26.0,73,190.0,77.09916473481965,5,2667944,38661750
1630544,Tre Mann,25.0,76,178.0,76.0,4,2461463,38661750
1630570,Trendon Watford,25.0,80,245.0,86.25,4,2461463,38661750
1642280,Trentyn Flowers,21.0,81,185.0,80.25,1,2048494,38661750
1630286,Trevon Scott,29.0,80,225.0,83.98794629596165,4,2461463,38661750
1631211,Trevor Keels,22.0,75,215.0,79.25,3,2378870,38661750
1641725,Trey Alexander,23.0,77,185.0,82.0,1,2048494,38661750
1641998,Trey Jemison III,26.0,82,270.0,85.95616959914507,2,2296274,38661750
1630530,Trey Murphy III,25.0,80,206.0,84.0,4,2461463,38661750
1642400,Tristan Enaruna,24.0,79,220.0,83.00383464436993,0,1272870,38661750
1641774,Tristan Vukcevic,23.0,84,220.0,86.5,2,2296274,38661750
1641783,Tristan da Silva,25.0,80,217.0,82.25,1,2048494,38661750
1641803,Tristen Newton,25.0,77,190.0,78.75,1,2048494,38661750
1629660,Ty Jerome,28.0,77,195.0,76.0,6,2874436,38661750
1631102,TyTy Washington Jr.,24.0,75,195.0,80.0,3,2378870,38661750
1631174,Tyler Burton,26.0,79,215.0,83.00383464436993,0,1272870,38661750
1629639,Tyler Herro,26.0,77,195.0,75.25,6,2874436,38661750
1642278,Tyler Kolek,25.0,74,195.0,74.75,1,2048494,38661750
1641890,Tyler Smith,21.0,81,224.0,85.0,1,2048494,38661750
1631213,Tyrese Martin,27.0,78,215.0,82.01972299277821,3,2378870,38661750
1630178,Tyrese Maxey,25.0,74,200.0,78.08327638641137,5,2667944,38661750
1642878,Tyrese Proctor,22.0,76,185.0,79.25,0,1272870,38661750
1630623,Tyson Etienne,26.0,72,200.0,76.11505308322795,1,2048494,38661750
1626145,Tyus Jones,30.0,72,196.0,77.0,10,3634153,54126450
1642845,VJ Edgecombe,20.0,76,190.0,79.5,0,1272870,38661750
1641705,Victor Wembanyama,22.0,88,235.0,91.86083950869534,2,2296274,38661750
1631246,Vince Williams Jr.,25.0,76,205.0,80.05149968959479,3,2378870,38661750
1642884,Vladislav Goldin,25.0,84,250.0,89.25,0,1272870,38661750
1630249,Vít Krejčí,25.0,80,195.0,83.98794629596165,4,2461463,38661750
1631117,Walker Kessler,24.0,86,245.0,88.25,3,2378870,38661750
1642383,Walter Clayton Jr.,23.0,76,195.0,76.0,0,1272870,38661750
1628976,Wendell Carter Jr.,27.0,82,270.0,88.5,7,3080921,46394100
1631111,Wendell Moore Jr.,24.0,77,215.0,84.5,3,2378870,38661750
1642954,Will Richard,23.0,75,206.0,79.06738803800309,0,1272870,38661750
1642860,Will Riley,20.0,81,180.0,80.75,0,1272870,38661750
1630214,Xavier Tillman,27.0,80,245.0,86.0,5,2667944,38661750
1642905,Yang Hansen,20.0,85,270.0,86.75,0,1272870,38661750
1642949,Yanic Konan Niederhäuser,23.0,83,242.0,87.25,0,1272870,38661750
1642530,Yuki Kawamura,25.0,67,159.0,71.19449482526939,1,2048494,38661750
1642274,Yves Missi,22.0,83,235.0,86.0,1,2048494,38661750
1642258,Zaccharie Risacher,21.0,80,200.0,81.5,1,2048494,38661750
1628380,Zach Collins,28.0,81,240.0,85.0,8,3287409,46394100
1641744,Zach Edey,24.0,87,305.0,94.5,1,2048494,38661750
203897,Zach LaVine,31.0,77,200.0,80.25,11,3634153,54126450
1630192,Zeke Nnaji,25.0,82,240.0,86.0,5,2667944,38661750
1630533,Ziaire Williams,24.0,81,185.0,82.25,4,2461463,38661750
1629627,Zion Williamson,25.0,78,284.0,82.01972299277821,6,2874436,38661750
1642389,Zyon Pullin,25.0,76,206.0,80.05149968959479,1,2048494,38661750
